TRANSACTION_ID,ACCOUNTING_ID,PART_NO,CONTRACT,DATE_APPLIED,EXPIRATION_DATE
1,1,1,sh,2015/8/19,08/19/2015
2,2,2,sh,2015/8/20,08/19/2015
3,3,3,sh,2015/8/21,08/19/2015
4,4,4,sh,2015/8/22,08/19/2015
5,5,5,sh,2015/8/23,08/19/2015
6,6,6,sh,2015/8/24,08/19/2015
7,7,7,sh,2015/8/25,08/19/2015
8,8,8,sh,2015/8/26,08/19/2015
9,9,9,sh,2015/8/27,08/19/2015
10,10,10,sh,2015/8/28,08/19/2015
11,11,11,sh,2015/8/29,08/19/2015
12,12,12,sh,2015/8/30,08/19/2015
13,13,13,sh,2015/8/31,08/19/2015
14,14,14,sh,2015/9/1,08/19/2015
15,15,15,sh,2015/9/2,08/19/2015
16,16,16,sh,2015/9/3,08/19/2015
17,17,17,sh,2015/9/4,08/19/2015
18,18,18,sh,2015/9/5,08/19/2015
19,19,19,sh,2015/9/6,08/19/2015
20,20,20,sh,2015/9/7,08/19/2015
21,21,21,sh,2015/9/8,08/19/2015
22,22,22,sh,2015/9/9,08/19/2015
23,23,23,sh,2015/9/10,08/19/2015
24,24,24,sh,2015/9/11,08/19/2015
25,25,25,sh,2015/9/12,08/19/2015
26,26,26,sh,2015/9/13,08/19/2015
27,27,27,sh,2015/9/14,08/19/2015
28,28,28,sh,2015/9/15,08/19/2015
29,29,29,sh,2015/9/16,08/19/2015
30,30,30,sh,2015/9/17,08/19/2015
31,31,31,sh,2015/9/18,08/19/2015
32,32,32,sh,2015/9/19,08/19/2015
33,33,33,sh,2015/9/20,08/19/2015
34,34,34,sh,2015/9/21,08/19/2015
35,35,35,sh,2015/9/22,08/19/2015
36,36,36,sh,2015/9/23,08/19/2015
37,37,37,sh,2015/9/24,08/19/2015
38,38,38,sh,2015/9/25,08/19/2015
39,39,39,sh,2015/9/26,08/19/2015
40,40,40,sh,2015/9/27,08/19/2015
41,41,41,sh,2015/9/28,08/19/2015
42,42,42,sh,2015/9/29,08/19/2015
43,43,43,sh,2015/9/30,08/19/2015
44,44,44,sh,2015/10/1,08/19/2015
45,45,45,sh,2015/10/2,08/19/2015
46,46,46,sh,2015/10/3,08/19/2015
47,47,47,sh,2015/10/4,08/19/2015
48,48,48,sh,2015/10/5,08/19/2015
49,49,49,sh,2015/10/6,08/19/2015
50,50,50,sh,2015/10/7,08/19/2015
51,51,51,sh,2015/10/8,08/19/2015
52,52,52,sh,2015/10/9,08/19/2015
53,53,53,sh,2015/10/10,08/19/2015
54,54,54,sh,2015/10/11,08/19/2015
55,55,55,sh,2015/10/12,08/19/2015
56,56,56,sh,2015/10/13,08/19/2015
57,57,57,sh,2015/10/14,08/19/2015
58,58,58,sh,2015/10/15,08/19/2015
59,59,59,sh,2015/10/16,08/19/2015
60,60,60,sh,2015/10/17,08/19/2015
61,61,61,sh,2015/10/18,08/19/2015
62,62,62,sh,2015/10/19,08/19/2015
63,63,63,sh,2015/10/20,08/19/2015
64,64,64,sh,2015/10/21,08/19/2015
65,65,65,sh,2015/10/22,08/19/2015
66,66,66,sh,2015/10/23,08/19/2015
67,67,67,sh,2015/10/24,08/19/2015
68,68,68,sh,2015/10/25,08/19/2015
69,69,69,sh,2015/10/26,08/19/2015
70,70,70,sh,2015/10/27,08/19/2015
71,71,71,sh,2015/10/28,08/19/2015
72,72,72,sh,2015/10/29,08/19/2015
73,73,73,sh,2015/10/30,08/19/2015
74,74,74,sh,2015/10/31,08/19/2015
75,75,75,sh,2015/11/1,08/19/2015
76,76,76,sh,2015/11/2,08/19/2015
77,77,77,sh,2015/11/3,08/19/2015
78,78,78,sh,2015/11/4,08/19/2015
79,79,79,sh,2015/11/5,08/19/2015
80,80,80,sh,2015/11/6,08/19/2015
81,81,81,sh,2015/11/7,08/19/2015
82,82,82,sh,2015/11/8,08/19/2015
83,83,83,sh,2015/11/9,08/19/2015
84,84,84,sh,2015/11/10,08/19/2015
85,85,85,sh,2015/11/11,08/19/2015
86,86,86,sh,2015/11/12,08/19/2015
87,87,87,sh,2015/11/13,08/19/2015
88,88,88,sh,2015/11/14,08/19/2015
89,89,89,sh,2015/11/15,08/19/2015
90,90,90,sh,2015/11/16,08/19/2015
91,91,91,sh,2015/11/17,08/19/2015
92,92,92,sh,2015/11/18,08/19/2015
93,93,93,sh,2015/11/19,08/19/2015
94,94,94,sh,2015/11/20,08/19/2015
95,95,95,sh,2015/11/21,08/19/2015
96,96,96,sh,2015/11/22,08/19/2015
97,97,97,sh,2015/11/23,08/19/2015
98,98,98,sh,2015/11/24,08/19/2015
99,99,99,sh,2015/11/25,08/19/2015
100,100,100,sh,2015/11/26,08/19/2015
101,101,101,sh,2015/11/27,08/19/2015
102,102,102,sh,2015/11/28,08/19/2015
103,103,103,sh,2015/11/29,08/19/2015
104,104,104,sh,2015/11/30,08/19/2015
105,105,105,sh,2015/12/1,08/19/2015
106,106,106,sh,2015/12/2,08/19/2015
107,107,107,sh,2015/12/3,08/19/2015
108,108,108,sh,2015/12/4,08/19/2015
109,109,109,sh,2015/12/5,08/19/2015
110,110,110,sh,2015/12/6,08/19/2015
111,111,111,sh,2015/12/7,08/19/2015
112,112,112,sh,2015/12/8,08/19/2015
113,113,113,sh,2015/12/9,08/19/2015
114,114,114,sh,2015/12/10,08/19/2015
115,115,115,sh,2015/12/11,08/19/2015
116,116,116,sh,2015/12/12,08/19/2015
117,117,117,sh,2015/12/13,08/19/2015
118,118,118,sh,2015/12/14,08/19/2015
119,119,119,sh,2015/12/15,08/19/2015
120,120,120,sh,2015/12/16,08/19/2015
121,121,121,sh,2015/12/17,08/19/2015
122,122,122,sh,2015/12/18,08/19/2015
123,123,123,sh,2015/12/19,08/19/2015
124,124,124,sh,2015/12/20,08/19/2015
125,125,125,sh,2015/12/21,08/19/2015
126,126,126,sh,2015/12/22,08/19/2015
127,127,127,sh,2015/12/23,08/19/2015
128,128,128,sh,2015/12/24,08/19/2015
129,129,129,sh,2015/12/25,08/19/2015
130,130,130,sh,2015/12/26,08/19/2015
131,131,131,sh,2015/12/27,08/19/2015
132,132,132,sh,2015/12/28,08/19/2015
133,133,133,sh,2015/12/29,08/19/2015
134,134,134,sh,2015/12/30,08/19/2015
135,135,135,sh,2015/12/31,08/19/2015
136,136,136,sh,2016/1/1,08/19/2015
137,137,137,sh,2016/1/2,08/19/2015
138,138,138,sh,2016/1/3,08/19/2015
139,139,139,sh,2016/1/4,08/19/2015
140,140,140,sh,2016/1/5,08/19/2015
141,141,141,sh,2016/1/6,08/19/2015
142,142,142,sh,2016/1/7,08/19/2015
143,143,143,sh,2016/1/8,08/19/2015
144,144,144,sh,2016/1/9,08/19/2015
145,145,145,sh,2016/1/10,08/19/2015
146,146,146,sh,2016/1/11,08/19/2015
147,147,147,sh,2016/1/12,08/19/2015
148,148,148,sh,2016/1/13,08/19/2015
149,149,149,sh,2016/1/14,08/19/2015
150,150,150,sh,2016/1/15,08/19/2015
151,151,151,sh,2016/1/16,08/19/2015
152,152,152,sh,2016/1/17,08/19/2015
153,153,153,sh,2016/1/18,08/19/2015
154,154,154,sh,2016/1/19,08/19/2015
155,155,155,sh,2016/1/20,08/19/2015
156,156,156,sh,2016/1/21,08/19/2015
157,157,157,sh,2016/1/22,08/19/2015
158,158,158,sh,2016/1/23,08/19/2015
159,159,159,sh,2016/1/24,08/19/2015
160,160,160,sh,2016/1/25,08/19/2015
161,161,161,sh,2016/1/26,08/19/2015
162,162,162,sh,2016/1/27,08/19/2015
163,163,163,sh,2016/1/28,08/19/2015
164,164,164,sh,2016/1/29,08/19/2015
165,165,165,sh,2016/1/30,08/19/2015
166,166,166,sh,2016/1/31,08/19/2015
167,167,167,sh,2016/2/1,08/19/2015
168,168,168,sh,2016/2/2,08/19/2015
169,169,169,sh,2016/2/3,08/19/2015
170,170,170,sh,2016/2/4,08/19/2015
171,171,171,sh,2016/2/5,08/19/2015
172,172,172,sh,2016/2/6,08/19/2015
173,173,173,sh,2016/2/7,08/19/2015
174,174,174,sh,2016/2/8,08/19/2015
175,175,175,sh,2016/2/9,08/19/2015
176,176,176,sh,2016/2/10,08/19/2015
177,177,177,sh,2016/2/11,08/19/2015
178,178,178,sh,2016/2/12,08/19/2015
179,179,179,sh,2016/2/13,08/19/2015
180,180,180,sh,2016/2/14,08/19/2015
181,181,181,sh,2016/2/15,08/19/2015
182,182,182,sh,2016/2/16,08/19/2015
183,183,183,sh,2016/2/17,08/19/2015
184,184,184,sh,2016/2/18,08/19/2015
185,185,185,sh,2016/2/19,08/19/2015
186,186,186,sh,2016/2/20,08/19/2015
187,187,187,sh,2016/2/21,08/19/2015
188,188,188,sh,2016/2/22,08/19/2015
189,189,189,sh,2016/2/23,08/19/2015
190,190,190,sh,2016/2/24,08/19/2015
191,191,191,sh,2016/2/25,08/19/2015
192,192,192,sh,2016/2/26,08/19/2015
193,193,193,sh,2016/2/27,08/19/2015
194,194,194,sh,2016/2/28,08/19/2015
195,195,195,sh,2016/2/29,08/19/2015
196,196,196,sh,2016/3/1,08/19/2015
197,197,197,sh,2016/3/2,08/19/2015
198,198,198,sh,2016/3/3,08/19/2015
199,199,199,sh,2016/3/4,08/19/2015
200,200,200,sh,2016/3/5,08/19/2015
201,201,201,sh,2016/3/6,08/19/2015
202,202,202,sh,2016/3/7,08/19/2015
203,203,203,sh,2016/3/8,08/19/2015
204,204,204,sh,2016/3/9,08/19/2015
205,205,205,sh,2016/3/10,08/19/2015
206,206,206,sh,2016/3/11,08/19/2015
207,207,207,sh,2016/3/12,08/19/2015
208,208,208,sh,2016/3/13,08/19/2015
209,209,209,sh,2016/3/14,08/19/2015
210,210,210,sh,2016/3/15,08/19/2015
211,211,211,sh,2016/3/16,08/19/2015
212,212,212,sh,2016/3/17,08/19/2015
213,213,213,sh,2016/3/18,08/19/2015
214,214,214,sh,2016/3/19,08/19/2015
215,215,215,sh,2016/3/20,08/19/2015
216,216,216,sh,2016/3/21,08/19/2015
217,217,217,sh,2016/3/22,08/19/2015
218,218,218,sh,2016/3/23,08/19/2015
219,219,219,sh,2016/3/24,08/19/2015
220,220,220,sh,2016/3/25,08/19/2015
221,221,221,sh,2016/3/26,08/19/2015
222,222,222,sh,2016/3/27,08/19/2015
223,223,223,sh,2016/3/28,08/19/2015
224,224,224,sh,2016/3/29,08/19/2015
225,225,225,sh,2016/3/30,08/19/2015
226,226,226,sh,2016/3/31,08/19/2015
227,227,227,sh,2016/4/1,08/19/2015
228,228,228,sh,2016/4/2,08/19/2015
229,229,229,sh,2016/4/3,08/19/2015
230,230,230,sh,2016/4/4,08/19/2015
231,231,231,sh,2016/4/5,08/19/2015
232,232,232,sh,2016/4/6,08/19/2015
233,233,233,sh,2016/4/7,08/19/2015
234,234,234,sh,2016/4/8,08/19/2015
235,235,235,sh,2016/4/9,08/19/2015
236,236,236,sh,2016/4/10,08/19/2015
237,237,237,sh,2016/4/11,08/19/2015
238,238,238,sh,2016/4/12,08/19/2015
239,239,239,sh,2016/4/13,08/19/2015
240,240,240,sh,2016/4/14,08/19/2015
241,241,241,sh,2016/4/15,08/19/2015
242,242,242,sh,2016/4/16,08/19/2015
243,243,243,sh,2016/4/17,08/19/2015
244,244,244,sh,2016/4/18,08/19/2015
245,245,245,sh,2016/4/19,08/19/2015
246,246,246,sh,2016/4/20,08/19/2015
247,247,247,sh,2016/4/21,08/19/2015
248,248,248,sh,2016/4/22,08/19/2015
249,249,249,sh,2016/4/23,08/19/2015
250,250,250,sh,2016/4/24,08/19/2015
251,251,251,sh,2016/4/25,08/19/2015
252,252,252,sh,2016/4/26,08/19/2015
253,253,253,sh,2016/4/27,08/19/2015
254,254,254,sh,2016/4/28,08/19/2015
255,255,255,sh,2016/4/29,08/19/2015
256,256,256,sh,2016/4/30,08/19/2015
257,257,257,sh,2016/5/1,08/19/2015
258,258,258,sh,2016/5/2,08/19/2015
259,259,259,sh,2016/5/3,08/19/2015
260,260,260,sh,2016/5/4,08/19/2015
261,261,261,sh,2016/5/5,08/19/2015
262,262,262,sh,2016/5/6,08/19/2015
263,263,263,sh,2016/5/7,08/19/2015
264,264,264,sh,2016/5/8,08/19/2015
265,265,265,sh,2016/5/9,08/19/2015
266,266,266,sh,2016/5/10,08/19/2015
267,267,267,sh,2016/5/11,08/19/2015
268,268,268,sh,2016/5/12,08/19/2015
269,269,269,sh,2016/5/13,08/19/2015
270,270,270,sh,2016/5/14,08/19/2015
271,271,271,sh,2016/5/15,08/19/2015
272,272,272,sh,2016/5/16,08/19/2015
273,273,273,sh,2016/5/17,08/19/2015
274,274,274,sh,2016/5/18,08/19/2015
275,275,275,sh,2016/5/19,08/19/2015
276,276,276,sh,2016/5/20,08/19/2015
277,277,277,sh,2016/5/21,08/19/2015
278,278,278,sh,2016/5/22,08/19/2015
279,279,279,sh,2016/5/23,08/19/2015
280,280,280,sh,2016/5/24,08/19/2015
281,281,281,sh,2016/5/25,08/19/2015
282,282,282,sh,2016/5/26,08/19/2015
283,283,283,sh,2016/5/27,08/19/2015
284,284,284,sh,2016/5/28,08/19/2015
285,285,285,sh,2016/5/29,08/19/2015
286,286,286,sh,2016/5/30,08/19/2015
287,287,287,sh,2016/5/31,08/19/2015
288,288,288,sh,2016/6/1,08/19/2015
289,289,289,sh,2016/6/2,08/19/2015
290,290,290,sh,2016/6/3,08/19/2015
291,291,291,sh,2016/6/4,08/19/2015
292,292,292,sh,2016/6/5,08/19/2015
293,293,293,sh,2016/6/6,08/19/2015
294,294,294,sh,2016/6/7,08/19/2015
295,295,295,sh,2016/6/8,08/19/2015
296,296,296,sh,2016/6/9,08/19/2015
297,297,297,sh,2016/6/10,08/19/2015
298,298,298,sh,2016/6/11,08/19/2015
299,299,299,sh,2016/6/12,08/19/2015
300,300,300,sh,2016/6/13,08/19/2015
301,301,301,sh,2016/6/14,08/19/2015
302,302,302,sh,2016/6/15,08/19/2015
303,303,303,sh,2016/6/16,08/19/2015
304,304,304,sh,2016/6/17,08/19/2015
305,305,305,sh,2016/6/18,08/19/2015
306,306,306,sh,2016/6/19,08/19/2015
307,307,307,sh,2016/6/20,08/19/2015
308,308,308,sh,2016/6/21,08/19/2015
309,309,309,sh,2016/6/22,08/19/2015
310,310,310,sh,2016/6/23,08/19/2015
311,311,311,sh,2016/6/24,08/19/2015
312,312,312,sh,2016/6/25,08/19/2015
313,313,313,sh,2016/6/26,08/19/2015
314,314,314,sh,2016/6/27,08/19/2015
315,315,315,sh,2016/6/28,08/19/2015
316,316,316,sh,2016/6/29,08/19/2015
317,317,317,sh,2016/6/30,08/19/2015
318,318,318,sh,2016/7/1,08/19/2015
319,319,319,sh,2016/7/2,08/19/2015
320,320,320,sh,2016/7/3,08/19/2015
321,321,321,sh,2016/7/4,08/19/2015
322,322,322,sh,2016/7/5,08/19/2015
323,323,323,sh,2016/7/6,08/19/2015
324,324,324,sh,2016/7/7,08/19/2015
325,325,325,sh,2016/7/8,08/19/2015
326,326,326,sh,2016/7/9,08/19/2015
327,327,327,sh,2016/7/10,08/19/2015
328,328,328,sh,2016/7/11,08/19/2015
329,329,329,sh,2016/7/12,08/19/2015
330,330,330,sh,2016/7/13,08/19/2015
331,331,331,sh,2016/7/14,08/19/2015
332,332,332,sh,2016/7/15,08/19/2015
333,333,333,sh,2016/7/16,08/19/2015
334,334,334,sh,2016/7/17,08/19/2015
335,335,335,sh,2016/7/18,08/19/2015
336,336,336,sh,2016/7/19,08/19/2015
337,337,337,sh,2016/7/20,08/19/2015
338,338,338,sh,2016/7/21,08/19/2015
339,339,339,sh,2016/7/22,08/19/2015
340,340,340,sh,2016/7/23,08/19/2015
341,341,341,sh,2016/7/24,08/19/2015
342,342,342,sh,2016/7/25,08/19/2015
343,343,343,sh,2016/7/26,08/19/2015
344,344,344,sh,2016/7/27,08/19/2015
345,345,345,sh,2016/7/28,08/19/2015
346,346,346,sh,2016/7/29,08/19/2015
347,347,347,sh,2016/7/30,08/19/2015
348,348,348,sh,2016/7/31,08/19/2015
349,349,349,sh,2016/8/1,08/19/2015
350,350,350,sh,2016/8/2,08/19/2015
351,351,351,sh,2016/8/3,08/19/2015
352,352,352,sh,2016/8/4,08/19/2015
353,353,353,sh,2016/8/5,08/19/2015
354,354,354,sh,2016/8/6,08/19/2015
355,355,355,sh,2016/8/7,08/19/2015
356,356,356,sh,2016/8/8,08/19/2015
357,357,357,sh,2016/8/9,08/19/2015
358,358,358,sh,2016/8/10,08/19/2015
359,359,359,sh,2016/8/11,08/19/2015
360,360,360,sh,2016/8/12,08/19/2015
361,361,361,sh,2016/8/13,08/19/2015
362,362,362,sh,2016/8/14,08/19/2015
363,363,363,sh,2016/8/15,08/19/2015
364,364,364,sh,2016/8/16,08/19/2015
365,365,365,sh,2016/8/17,08/19/2015
366,366,366,sh,2016/8/18,08/19/2015
367,367,367,sh,2016/8/19,08/19/2015
368,368,368,sh,2016/8/20,08/19/2015
369,369,369,sh,2016/8/21,08/19/2015
370,370,370,sh,2016/8/22,08/19/2015
371,371,371,sh,2016/8/23,08/19/2015
372,372,372,sh,2016/8/24,08/19/2015
373,373,373,sh,2016/8/25,08/19/2015
374,374,374,sh,2016/8/26,08/19/2015
375,375,375,sh,2016/8/27,08/19/2015
376,376,376,sh,2016/8/28,08/19/2015
377,377,377,sh,2016/8/29,08/19/2015
378,378,378,sh,2016/8/30,08/19/2015
379,379,379,sh,2016/8/31,08/19/2015
380,380,380,sh,2016/9/1,08/19/2015
381,381,381,sh,2016/9/2,08/19/2015
382,382,382,sh,2016/9/3,08/19/2015
383,383,383,sh,2016/9/4,08/19/2015
384,384,384,sh,2016/9/5,08/19/2015
385,385,385,sh,2016/9/6,08/19/2015
386,386,386,sh,2016/9/7,08/19/2015
387,387,387,sh,2016/9/8,08/19/2015
388,388,388,sh,2016/9/9,08/19/2015
389,389,389,sh,2016/9/10,08/19/2015
390,390,390,sh,2016/9/11,08/19/2015
391,391,391,sh,2016/9/12,08/19/2015
392,392,392,sh,2016/9/13,08/19/2015
393,393,393,sh,2016/9/14,08/19/2015
394,394,394,sh,2016/9/15,08/19/2015
395,395,395,sh,2016/9/16,08/19/2015
396,396,396,sh,2016/9/17,08/19/2015
397,397,397,sh,2016/9/18,08/19/2015
398,398,398,sh,2016/9/19,08/19/2015
399,399,399,sh,2016/9/20,08/19/2015
400,400,400,sh,2016/9/21,08/19/2015
401,401,401,sh,2016/9/22,08/19/2015
402,402,402,sh,2016/9/23,08/19/2015
403,403,403,sh,2016/9/24,08/19/2015
404,404,404,sh,2016/9/25,08/19/2015
405,405,405,sh,2016/9/26,08/19/2015
406,406,406,sh,2016/9/27,08/19/2015
407,407,407,sh,2016/9/28,08/19/2015
408,408,408,sh,2016/9/29,08/19/2015
409,409,409,sh,2016/9/30,08/19/2015
410,410,410,sh,2016/10/1,08/19/2015
411,411,411,sh,2016/10/2,08/19/2015
412,412,412,sh,2016/10/3,08/19/2015
413,413,413,sh,2016/10/4,08/19/2015
414,414,414,sh,2016/10/5,08/19/2015
415,415,415,sh,2016/10/6,08/19/2015
416,416,416,sh,2016/10/7,08/19/2015
417,417,417,sh,2016/10/8,08/19/2015
418,418,418,sh,2016/10/9,08/19/2015
419,419,419,sh,2016/10/10,08/19/2015
420,420,420,sh,2016/10/11,08/19/2015
421,421,421,sh,2016/10/12,08/19/2015
422,422,422,sh,2016/10/13,08/19/2015
423,423,423,sh,2016/10/14,08/19/2015
424,424,424,sh,2016/10/15,08/19/2015
425,425,425,sh,2016/10/16,08/19/2015
426,426,426,sh,2016/10/17,08/19/2015
427,427,427,sh,2016/10/18,08/19/2015
428,428,428,sh,2016/10/19,08/19/2015
429,429,429,sh,2016/10/20,08/19/2015
430,430,430,sh,2016/10/21,08/19/2015
431,431,431,sh,2016/10/22,08/19/2015
432,432,432,sh,2016/10/23,08/19/2015
433,433,433,sh,2016/10/24,08/19/2015
434,434,434,sh,2016/10/25,08/19/2015
435,435,435,sh,2016/10/26,08/19/2015
436,436,436,sh,2016/10/27,08/19/2015
437,437,437,sh,2016/10/28,08/19/2015
438,438,438,sh,2016/10/29,08/19/2015
439,439,439,sh,2016/10/30,08/19/2015
440,440,440,sh,2016/10/31,08/19/2015
441,441,441,sh,2016/11/1,08/19/2015
442,442,442,sh,2016/11/2,08/19/2015
443,443,443,sh,2016/11/3,08/19/2015
444,444,444,sh,2016/11/4,08/19/2015
445,445,445,sh,2016/11/5,08/19/2015
446,446,446,sh,2016/11/6,08/19/2015
447,447,447,sh,2016/11/7,08/19/2015
448,448,448,sh,2016/11/8,08/19/2015
449,449,449,sh,2016/11/9,08/19/2015
450,450,450,sh,2016/11/10,08/19/2015
451,451,451,sh,2016/11/11,08/19/2015
452,452,452,sh,2016/11/12,08/19/2015
453,453,453,sh,2016/11/13,08/19/2015
454,454,454,sh,2016/11/14,08/19/2015
455,455,455,sh,2016/11/15,08/19/2015
456,456,456,sh,2016/11/16,08/19/2015
457,457,457,sh,2016/11/17,08/19/2015
458,458,458,sh,2016/11/18,08/19/2015
459,459,459,sh,2016/11/19,08/19/2015
460,460,460,sh,2016/11/20,08/19/2015
461,461,461,sh,2016/11/21,08/19/2015
462,462,462,sh,2016/11/22,08/19/2015
463,463,463,sh,2016/11/23,08/19/2015
464,464,464,sh,2016/11/24,08/19/2015
465,465,465,sh,2016/11/25,08/19/2015
466,466,466,sh,2016/11/26,08/19/2015
467,467,467,sh,2016/11/27,08/19/2015
468,468,468,sh,2016/11/28,08/19/2015
469,469,469,sh,2016/11/29,08/19/2015
470,470,470,sh,2016/11/30,08/19/2015
471,471,471,sh,2016/12/1,08/19/2015
472,472,472,sh,2016/12/2,08/19/2015
473,473,473,sh,2016/12/3,08/19/2015
474,474,474,sh,2016/12/4,08/19/2015
475,475,475,sh,2016/12/5,08/19/2015
476,476,476,sh,2016/12/6,08/19/2015
477,477,477,sh,2016/12/7,08/19/2015
478,478,478,sh,2016/12/8,08/19/2015
479,479,479,sh,2016/12/9,08/19/2015
480,480,480,sh,2016/12/10,08/19/2015
481,481,481,sh,2016/12/11,08/19/2015
482,482,482,sh,2016/12/12,08/19/2015
483,483,483,sh,2016/12/13,08/19/2015
484,484,484,sh,2016/12/14,08/19/2015
485,485,485,sh,2016/12/15,08/19/2015
486,486,486,sh,2016/12/16,08/19/2015
487,487,487,sh,2016/12/17,08/19/2015
488,488,488,sh,2016/12/18,08/19/2015
489,489,489,sh,2016/12/19,08/19/2015
490,490,490,sh,2016/12/20,08/19/2015
491,491,491,sh,2016/12/21,08/19/2015
492,492,492,sh,2016/12/22,08/19/2015
493,493,493,sh,2016/12/23,08/19/2015
494,494,494,sh,2016/12/24,08/19/2015
495,495,495,sh,2016/12/25,08/19/2015
496,496,496,sh,2016/12/26,08/19/2015
497,497,497,sh,2016/12/27,08/19/2015
498,498,498,sh,2016/12/28,08/19/2015
499,499,499,sh,2016/12/29,08/19/2015
500,500,500,sh,2016/12/30,08/19/2015
501,501,501,sh,2016/12/31,08/19/2015
502,502,502,sh,2017/1/1,08/19/2015
503,503,503,sh,2017/1/2,08/19/2015
504,504,504,sh,2017/1/3,08/19/2015
505,505,505,sh,2017/1/4,08/19/2015
506,506,506,sh,2017/1/5,08/19/2015
507,507,507,sh,2017/1/6,08/19/2015
508,508,508,sh,2017/1/7,08/19/2015
509,509,509,sh,2017/1/8,08/19/2015
510,510,510,sh,2017/1/9,08/19/2015
511,511,511,sh,2017/1/10,08/19/2015
512,512,512,sh,2017/1/11,08/19/2015
513,513,513,sh,2017/1/12,08/19/2015
514,514,514,sh,2017/1/13,08/19/2015
515,515,515,sh,2017/1/14,08/19/2015
516,516,516,sh,2017/1/15,08/19/2015
517,517,517,sh,2017/1/16,08/19/2015
518,518,518,sh,2017/1/17,08/19/2015
519,519,519,sh,2017/1/18,08/19/2015
520,520,520,sh,2017/1/19,08/19/2015
521,521,521,sh,2017/1/20,08/19/2015
522,522,522,sh,2017/1/21,08/19/2015
523,523,523,sh,2017/1/22,08/19/2015
524,524,524,sh,2017/1/23,08/19/2015
525,525,525,sh,2017/1/24,08/19/2015
526,526,526,sh,2017/1/25,08/19/2015
527,527,527,sh,2017/1/26,08/19/2015
528,528,528,sh,2017/1/27,08/19/2015
529,529,529,sh,2017/1/28,08/19/2015
530,530,530,sh,2017/1/29,08/19/2015
531,531,531,sh,2017/1/30,08/19/2015
532,532,532,sh,2017/1/31,08/19/2015
533,533,533,sh,2017/2/1,08/19/2015
534,534,534,sh,2017/2/2,08/19/2015
535,535,535,sh,2017/2/3,08/19/2015
536,536,536,sh,2017/2/4,08/19/2015
537,537,537,sh,2017/2/5,08/19/2015
538,538,538,sh,2017/2/6,08/19/2015
539,539,539,sh,2017/2/7,08/19/2015
540,540,540,sh,2017/2/8,08/19/2015
541,541,541,sh,2017/2/9,08/19/2015
542,542,542,sh,2017/2/10,08/19/2015
543,543,543,sh,2017/2/11,08/19/2015
544,544,544,sh,2017/2/12,08/19/2015
545,545,545,sh,2017/2/13,08/19/2015
546,546,546,sh,2017/2/14,08/19/2015
547,547,547,sh,2017/2/15,08/19/2015
548,548,548,sh,2017/2/16,08/19/2015
549,549,549,sh,2017/2/17,08/19/2015
550,550,550,sh,2017/2/18,08/19/2015
551,551,551,sh,2017/2/19,08/19/2015
552,552,552,sh,2017/2/20,08/19/2015
553,553,553,sh,2017/2/21,08/19/2015
554,554,554,sh,2017/2/22,08/19/2015
555,555,555,sh,2017/2/23,08/19/2015
556,556,556,sh,2017/2/24,08/19/2015
557,557,557,sh,2017/2/25,08/19/2015
558,558,558,sh,2017/2/26,08/19/2015
559,559,559,sh,2017/2/27,08/19/2015
560,560,560,sh,2017/2/28,08/19/2015
561,561,561,sh,2017/3/1,08/19/2015
562,562,562,sh,2017/3/2,08/19/2015
563,563,563,sh,2017/3/3,08/19/2015
564,564,564,sh,2017/3/4,08/19/2015
565,565,565,sh,2017/3/5,08/19/2015
566,566,566,sh,2017/3/6,08/19/2015
567,567,567,sh,2017/3/7,08/19/2015
568,568,568,sh,2017/3/8,08/19/2015
569,569,569,sh,2017/3/9,08/19/2015
570,570,570,sh,2017/3/10,08/19/2015
571,571,571,sh,2017/3/11,08/19/2015
572,572,572,sh,2017/3/12,08/19/2015
573,573,573,sh,2017/3/13,08/19/2015
574,574,574,sh,2017/3/14,08/19/2015
575,575,575,sh,2017/3/15,08/19/2015
576,576,576,sh,2017/3/16,08/19/2015
577,577,577,sh,2017/3/17,08/19/2015
578,578,578,sh,2017/3/18,08/19/2015
579,579,579,sh,2017/3/19,08/19/2015
580,580,580,sh,2017/3/20,08/19/2015
581,581,581,sh,2017/3/21,08/19/2015
582,582,582,sh,2017/3/22,08/19/2015
583,583,583,sh,2017/3/23,08/19/2015
584,584,584,sh,2017/3/24,08/19/2015
585,585,585,sh,2017/3/25,08/19/2015
586,586,586,sh,2017/3/26,08/19/2015
587,587,587,sh,2017/3/27,08/19/2015
588,588,588,sh,2017/3/28,08/19/2015
589,589,589,sh,2017/3/29,08/19/2015
590,590,590,sh,2017/3/30,08/19/2015
591,591,591,sh,2017/3/31,08/19/2015
592,592,592,sh,2017/4/1,08/19/2015
593,593,593,sh,2017/4/2,08/19/2015
594,594,594,sh,2017/4/3,08/19/2015
595,595,595,sh,2017/4/4,08/19/2015
596,596,596,sh,2017/4/5,08/19/2015
597,597,597,sh,2017/4/6,08/19/2015
598,598,598,sh,2017/4/7,08/19/2015
599,599,599,sh,2017/4/8,08/19/2015
600,600,600,sh,2017/4/9,08/19/2015
601,601,601,sh,2017/4/10,08/19/2015
602,602,602,sh,2017/4/11,08/19/2015
603,603,603,sh,2017/4/12,08/19/2015
604,604,604,sh,2017/4/13,08/19/2015
605,605,605,sh,2017/4/14,08/19/2015
606,606,606,sh,2017/4/15,08/19/2015
607,607,607,sh,2017/4/16,08/19/2015
608,608,608,sh,2017/4/17,08/19/2015
609,609,609,sh,2017/4/18,08/19/2015
610,610,610,sh,2017/4/19,08/19/2015
611,611,611,sh,2017/4/20,08/19/2015
612,612,612,sh,2017/4/21,08/19/2015
613,613,613,sh,2017/4/22,08/19/2015
614,614,614,sh,2017/4/23,08/19/2015
615,615,615,sh,2017/4/24,08/19/2015
616,616,616,sh,2017/4/25,08/19/2015
617,617,617,sh,2017/4/26,08/19/2015
618,618,618,sh,2017/4/27,08/19/2015
619,619,619,sh,2017/4/28,08/19/2015
620,620,620,sh,2017/4/29,08/19/2015
621,621,621,sh,2017/4/30,08/19/2015
622,622,622,sh,2017/5/1,08/19/2015
623,623,623,sh,2017/5/2,08/19/2015
624,624,624,sh,2017/5/3,08/19/2015
625,625,625,sh,2017/5/4,08/19/2015
626,626,626,sh,2017/5/5,08/19/2015
627,627,627,sh,2017/5/6,08/19/2015
628,628,628,sh,2017/5/7,08/19/2015
629,629,629,sh,2017/5/8,08/19/2015
630,630,630,sh,2017/5/9,08/19/2015
631,631,631,sh,2017/5/10,08/19/2015
632,632,632,sh,2017/5/11,08/19/2015
633,633,633,sh,2017/5/12,08/19/2015
634,634,634,sh,2017/5/13,08/19/2015
635,635,635,sh,2017/5/14,08/19/2015
636,636,636,sh,2017/5/15,08/19/2015
637,637,637,sh,2017/5/16,08/19/2015
638,638,638,sh,2017/5/17,08/19/2015
639,639,639,sh,2017/5/18,08/19/2015
640,640,640,sh,2017/5/19,08/19/2015
641,641,641,sh,2017/5/20,08/19/2015
642,642,642,sh,2017/5/21,08/19/2015
643,643,643,sh,2017/5/22,08/19/2015
644,644,644,sh,2017/5/23,08/19/2015
645,645,645,sh,2017/5/24,08/19/2015
646,646,646,sh,2017/5/25,08/19/2015
647,647,647,sh,2017/5/26,08/19/2015
648,648,648,sh,2017/5/27,08/19/2015
649,649,649,sh,2017/5/28,08/19/2015
650,650,650,sh,2017/5/29,08/19/2015
651,651,651,sh,2017/5/30,08/19/2015
652,652,652,sh,2017/5/31,08/19/2015
653,653,653,sh,2017/6/1,08/19/2015
654,654,654,sh,2017/6/2,08/19/2015
655,655,655,sh,2017/6/3,08/19/2015
656,656,656,sh,2017/6/4,08/19/2015
657,657,657,sh,2017/6/5,08/19/2015
658,658,658,sh,2017/6/6,08/19/2015
659,659,659,sh,2017/6/7,08/19/2015
660,660,660,sh,2017/6/8,08/19/2015
661,661,661,sh,2017/6/9,08/19/2015
662,662,662,sh,2017/6/10,08/19/2015
663,663,663,sh,2017/6/11,08/19/2015
664,664,664,sh,2017/6/12,08/19/2015
665,665,665,sh,2017/6/13,08/19/2015
666,666,666,sh,2017/6/14,08/19/2015
667,667,667,sh,2017/6/15,08/19/2015
668,668,668,sh,2017/6/16,08/19/2015
669,669,669,sh,2017/6/17,08/19/2015
670,670,670,sh,2017/6/18,08/19/2015
671,671,671,sh,2017/6/19,08/19/2015
672,672,672,sh,2017/6/20,08/19/2015
673,673,673,sh,2017/6/21,08/19/2015
674,674,674,sh,2017/6/22,08/19/2015
675,675,675,sh,2017/6/23,08/19/2015
676,676,676,sh,2017/6/24,08/19/2015
677,677,677,sh,2017/6/25,08/19/2015
678,678,678,sh,2017/6/26,08/19/2015
679,679,679,sh,2017/6/27,08/19/2015
680,680,680,sh,2017/6/28,08/19/2015
681,681,681,sh,2017/6/29,08/19/2015
682,682,682,sh,2017/6/30,08/19/2015
683,683,683,sh,2017/7/1,08/19/2015
684,684,684,sh,2017/7/2,08/19/2015
685,685,685,sh,2017/7/3,08/19/2015
686,686,686,sh,2017/7/4,08/19/2015
687,687,687,sh,2017/7/5,08/19/2015
688,688,688,sh,2017/7/6,08/19/2015
689,689,689,sh,2017/7/7,08/19/2015
690,690,690,sh,2017/7/8,08/19/2015
691,691,691,sh,2017/7/9,08/19/2015
692,692,692,sh,2017/7/10,08/19/2015
693,693,693,sh,2017/7/11,08/19/2015
694,694,694,sh,2017/7/12,08/19/2015
695,695,695,sh,2017/7/13,08/19/2015
696,696,696,sh,2017/7/14,08/19/2015
697,697,697,sh,2017/7/15,08/19/2015
698,698,698,sh,2017/7/16,08/19/2015
699,699,699,sh,2017/7/17,08/19/2015
700,700,700,sh,2017/7/18,08/19/2015
701,701,701,sh,2017/7/19,08/19/2015
702,702,702,sh,2017/7/20,08/19/2015
703,703,703,sh,2017/7/21,08/19/2015
704,704,704,sh,2017/7/22,08/19/2015
705,705,705,sh,2017/7/23,08/19/2015
706,706,706,sh,2017/7/24,08/19/2015
707,707,707,sh,2017/7/25,08/19/2015
708,708,708,sh,2017/7/26,08/19/2015
709,709,709,sh,2017/7/27,08/19/2015
710,710,710,sh,2017/7/28,08/19/2015
711,711,711,sh,2017/7/29,08/19/2015
712,712,712,sh,2017/7/30,08/19/2015
713,713,713,sh,2017/7/31,08/19/2015
714,714,714,sh,2017/8/1,08/19/2015
715,715,715,sh,2017/8/2,08/19/2015
716,716,716,sh,2017/8/3,08/19/2015
717,717,717,sh,2017/8/4,08/19/2015
718,718,718,sh,2017/8/5,08/19/2015
719,719,719,sh,2017/8/6,08/19/2015
720,720,720,sh,2017/8/7,08/19/2015
721,721,721,sh,2017/8/8,08/19/2015
722,722,722,sh,2017/8/9,08/19/2015
723,723,723,sh,2017/8/10,08/19/2015
724,724,724,sh,2017/8/11,08/19/2015
725,725,725,sh,2017/8/12,08/19/2015
726,726,726,sh,2017/8/13,08/19/2015
727,727,727,sh,2017/8/14,08/19/2015
728,728,728,sh,2017/8/15,08/19/2015
729,729,729,sh,2017/8/16,08/19/2015
730,730,730,sh,2017/8/17,08/19/2015
731,731,731,sh,2017/8/18,08/19/2015
732,732,732,sh,2017/8/19,08/19/2015
733,733,733,sh,2017/8/20,08/19/2015
734,734,734,sh,2017/8/21,08/19/2015
735,735,735,sh,2017/8/22,08/19/2015
736,736,736,sh,2017/8/23,08/19/2015
737,737,737,sh,2017/8/24,08/19/2015
738,738,738,sh,2017/8/25,08/19/2015
739,739,739,sh,2017/8/26,08/19/2015
740,740,740,sh,2017/8/27,08/19/2015
741,741,741,sh,2017/8/28,08/19/2015
742,742,742,sh,2017/8/29,08/19/2015
743,743,743,sh,2017/8/30,08/19/2015
744,744,744,sh,2017/8/31,08/19/2015
745,745,745,sh,2017/9/1,08/19/2015
746,746,746,sh,2017/9/2,08/19/2015
747,747,747,sh,2017/9/3,08/19/2015
748,748,748,sh,2017/9/4,08/19/2015
749,749,749,sh,2017/9/5,08/19/2015
750,750,750,sh,2017/9/6,08/19/2015
751,751,751,sh,2017/9/7,08/19/2015
752,752,752,sh,2017/9/8,08/19/2015
753,753,753,sh,2017/9/9,08/19/2015
754,754,754,sh,2017/9/10,08/19/2015
755,755,755,sh,2017/9/11,08/19/2015
756,756,756,sh,2017/9/12,08/19/2015
757,757,757,sh,2017/9/13,08/19/2015
758,758,758,sh,2017/9/14,08/19/2015
759,759,759,sh,2017/9/15,08/19/2015
760,760,760,sh,2017/9/16,08/19/2015
761,761,761,sh,2017/9/17,08/19/2015
762,762,762,sh,2017/9/18,08/19/2015
763,763,763,sh,2017/9/19,08/19/2015
764,764,764,sh,2017/9/20,08/19/2015
765,765,765,sh,2017/9/21,08/19/2015
766,766,766,sh,2017/9/22,08/19/2015
767,767,767,sh,2017/9/23,08/19/2015
768,768,768,sh,2017/9/24,08/19/2015
769,769,769,sh,2017/9/25,08/19/2015
770,770,770,sh,2017/9/26,08/19/2015
771,771,771,sh,2017/9/27,08/19/2015
772,772,772,sh,2017/9/28,08/19/2015
773,773,773,sh,2017/9/29,08/19/2015
774,774,774,sh,2017/9/30,08/19/2015
775,775,775,sh,2017/10/1,08/19/2015
776,776,776,sh,2017/10/2,08/19/2015
777,777,777,sh,2017/10/3,08/19/2015
778,778,778,sh,2017/10/4,08/19/2015
779,779,779,sh,2017/10/5,08/19/2015
780,780,780,sh,2017/10/6,08/19/2015
781,781,781,sh,2017/10/7,08/19/2015
782,782,782,sh,2017/10/8,08/19/2015
783,783,783,sh,2017/10/9,08/19/2015
784,784,784,sh,2017/10/10,08/19/2015
785,785,785,sh,2017/10/11,08/19/2015
786,786,786,sh,2017/10/12,08/19/2015
787,787,787,sh,2017/10/13,08/19/2015
788,788,788,sh,2017/10/14,08/19/2015
789,789,789,sh,2017/10/15,08/19/2015
790,790,790,sh,2017/10/16,08/19/2015
791,791,791,sh,2017/10/17,08/19/2015
792,792,792,sh,2017/10/18,08/19/2015
793,793,793,sh,2017/10/19,08/19/2015
794,794,794,sh,2017/10/20,08/19/2015
795,795,795,sh,2017/10/21,08/19/2015
796,796,796,sh,2017/10/22,08/19/2015
797,797,797,sh,2017/10/23,08/19/2015
798,798,798,sh,2017/10/24,08/19/2015
799,799,799,sh,2017/10/25,08/19/2015
800,800,800,sh,2017/10/26,08/19/2015
801,801,801,sh,2017/10/27,08/19/2015
802,802,802,sh,2017/10/28,08/19/2015
803,803,803,sh,2017/10/29,08/19/2015
804,804,804,sh,2017/10/30,08/19/2015
805,805,805,sh,2017/10/31,08/19/2015
806,806,806,sh,2017/11/1,08/19/2015
807,807,807,sh,2017/11/2,08/19/2015
808,808,808,sh,2017/11/3,08/19/2015
809,809,809,sh,2017/11/4,08/19/2015
810,810,810,sh,2017/11/5,08/19/2015
811,811,811,sh,2017/11/6,08/19/2015
812,812,812,sh,2017/11/7,08/19/2015
813,813,813,sh,2017/11/8,08/19/2015
814,814,814,sh,2017/11/9,08/19/2015
815,815,815,sh,2017/11/10,08/19/2015
816,816,816,sh,2017/11/11,08/19/2015
817,817,817,sh,2017/11/12,08/19/2015
818,818,818,sh,2017/11/13,08/19/2015
819,819,819,sh,2017/11/14,08/19/2015
820,820,820,sh,2017/11/15,08/19/2015
821,821,821,sh,2017/11/16,08/19/2015
822,822,822,sh,2017/11/17,08/19/2015
823,823,823,sh,2017/11/18,08/19/2015
824,824,824,sh,2017/11/19,08/19/2015
825,825,825,sh,2017/11/20,08/19/2015
826,826,826,sh,2017/11/21,08/19/2015
827,827,827,sh,2017/11/22,08/19/2015
828,828,828,sh,2017/11/23,08/19/2015
829,829,829,sh,2017/11/24,08/19/2015
830,830,830,sh,2017/11/25,08/19/2015
831,831,831,sh,2017/11/26,08/19/2015
832,832,832,sh,2017/11/27,08/19/2015
833,833,833,sh,2017/11/28,08/19/2015
834,834,834,sh,2017/11/29,08/19/2015
835,835,835,sh,2017/11/30,08/19/2015
836,836,836,sh,2017/12/1,08/19/2015
837,837,837,sh,2017/12/2,08/19/2015
838,838,838,sh,2017/12/3,08/19/2015
839,839,839,sh,2017/12/4,08/19/2015
840,840,840,sh,2017/12/5,08/19/2015
841,841,841,sh,2017/12/6,08/19/2015
842,842,842,sh,2017/12/7,08/19/2015
843,843,843,sh,2017/12/8,08/19/2015
844,844,844,sh,2017/12/9,08/19/2015
845,845,845,sh,2017/12/10,08/19/2015
846,846,846,sh,2017/12/11,08/19/2015
847,847,847,sh,2017/12/12,08/19/2015
848,848,848,sh,2017/12/13,08/19/2015
849,849,849,sh,2017/12/14,08/19/2015
850,850,850,sh,2017/12/15,08/19/2015
851,851,851,sh,2017/12/16,08/19/2015
852,852,852,sh,2017/12/17,08/19/2015
853,853,853,sh,2017/12/18,08/19/2015
854,854,854,sh,2017/12/19,08/19/2015
855,855,855,sh,2017/12/20,08/19/2015
856,856,856,sh,2017/12/21,08/19/2015
857,857,857,sh,2017/12/22,08/19/2015
858,858,858,sh,2017/12/23,08/19/2015
859,859,859,sh,2017/12/24,08/19/2015
860,860,860,sh,2017/12/25,08/19/2015
861,861,861,sh,2017/12/26,08/19/2015
862,862,862,sh,2017/12/27,08/19/2015
863,863,863,sh,2017/12/28,08/19/2015
864,864,864,sh,2017/12/29,08/19/2015
865,865,865,sh,2017/12/30,08/19/2015
866,866,866,sh,2017/12/31,08/19/2015
867,867,867,sh,2018/1/1,08/19/2015
868,868,868,sh,2018/1/2,08/19/2015
869,869,869,sh,2018/1/3,08/19/2015
870,870,870,sh,2018/1/4,08/19/2015
871,871,871,sh,2018/1/5,08/19/2015
872,872,872,sh,2018/1/6,08/19/2015
873,873,873,sh,2018/1/7,08/19/2015
874,874,874,sh,2018/1/8,08/19/2015
875,875,875,sh,2018/1/9,08/19/2015
876,876,876,sh,2018/1/10,08/19/2015
877,877,877,sh,2018/1/11,08/19/2015
878,878,878,sh,2018/1/12,08/19/2015
879,879,879,sh,2018/1/13,08/19/2015
880,880,880,sh,2018/1/14,08/19/2015
881,881,881,sh,2018/1/15,08/19/2015
882,882,882,sh,2018/1/16,08/19/2015
883,883,883,sh,2018/1/17,08/19/2015
884,884,884,sh,2018/1/18,08/19/2015
885,885,885,sh,2018/1/19,08/19/2015
886,886,886,sh,2018/1/20,08/19/2015
887,887,887,sh,2018/1/21,08/19/2015
888,888,888,sh,2018/1/22,08/19/2015
889,889,889,sh,2018/1/23,08/19/2015
890,890,890,sh,2018/1/24,08/19/2015
891,891,891,sh,2018/1/25,08/19/2015
892,892,892,sh,2018/1/26,08/19/2015
893,893,893,sh,2018/1/27,08/19/2015
894,894,894,sh,2018/1/28,08/19/2015
895,895,895,sh,2018/1/29,08/19/2015
896,896,896,sh,2018/1/30,08/19/2015
897,897,897,sh,2018/1/31,08/19/2015
898,898,898,sh,2018/2/1,08/19/2015
899,899,899,sh,2018/2/2,08/19/2015
900,900,900,sh,2018/2/3,08/19/2015
901,901,901,sh,2018/2/4,08/19/2015
902,902,902,sh,2018/2/5,08/19/2015
903,903,903,sh,2018/2/6,08/19/2015
904,904,904,sh,2018/2/7,08/19/2015
905,905,905,sh,2018/2/8,08/19/2015
906,906,906,sh,2018/2/9,08/19/2015
907,907,907,sh,2018/2/10,08/19/2015
908,908,908,sh,2018/2/11,08/19/2015
909,909,909,sh,2018/2/12,08/19/2015
910,910,910,sh,2018/2/13,08/19/2015
911,911,911,sh,2018/2/14,08/19/2015
912,912,912,sh,2018/2/15,08/19/2015
913,913,913,sh,2018/2/16,08/19/2015
914,914,914,sh,2018/2/17,08/19/2015
915,915,915,sh,2018/2/18,08/19/2015
916,916,916,sh,2018/2/19,08/19/2015
917,917,917,sh,2018/2/20,08/19/2015
918,918,918,sh,2018/2/21,08/19/2015
919,919,919,sh,2018/2/22,08/19/2015
920,920,920,sh,2018/2/23,08/19/2015
921,921,921,sh,2018/2/24,08/19/2015
922,922,922,sh,2018/2/25,08/19/2015
923,923,923,sh,2018/2/26,08/19/2015
924,924,924,sh,2018/2/27,08/19/2015
925,925,925,sh,2018/2/28,08/19/2015
926,926,926,sh,2018/3/1,08/19/2015
927,927,927,sh,2018/3/2,08/19/2015
928,928,928,sh,2018/3/3,08/19/2015
929,929,929,sh,2018/3/4,08/19/2015
930,930,930,sh,2018/3/5,08/19/2015
931,931,931,sh,2018/3/6,08/19/2015
932,932,932,sh,2018/3/7,08/19/2015
933,933,933,sh,2018/3/8,08/19/2015
934,934,934,sh,2018/3/9,08/19/2015
935,935,935,sh,2018/3/10,08/19/2015
936,936,936,sh,2018/3/11,08/19/2015
937,937,937,sh,2018/3/12,08/19/2015
938,938,938,sh,2018/3/13,08/19/2015
939,939,939,sh,2018/3/14,08/19/2015
940,940,940,sh,2018/3/15,08/19/2015
941,941,941,sh,2018/3/16,08/19/2015
942,942,942,sh,2018/3/17,08/19/2015
943,943,943,sh,2018/3/18,08/19/2015
944,944,944,sh,2018/3/19,08/19/2015
945,945,945,sh,2018/3/20,08/19/2015
946,946,946,sh,2018/3/21,08/19/2015
947,947,947,sh,2018/3/22,08/19/2015
948,948,948,sh,2018/3/23,08/19/2015
949,949,949,sh,2018/3/24,08/19/2015
950,950,950,sh,2018/3/25,08/19/2015
951,951,951,sh,2018/3/26,08/19/2015
952,952,952,sh,2018/3/27,08/19/2015
953,953,953,sh,2018/3/28,08/19/2015
954,954,954,sh,2018/3/29,08/19/2015
955,955,955,sh,2018/3/30,08/19/2015
956,956,956,sh,2018/3/31,08/19/2015
957,957,957,sh,2018/4/1,08/19/2015
958,958,958,sh,2018/4/2,08/19/2015
959,959,959,sh,2018/4/3,08/19/2015
960,960,960,sh,2018/4/4,08/19/2015
961,961,961,sh,2018/4/5,08/19/2015
962,962,962,sh,2018/4/6,08/19/2015
963,963,963,sh,2018/4/7,08/19/2015
964,964,964,sh,2018/4/8,08/19/2015
965,965,965,sh,2018/4/9,08/19/2015
966,966,966,sh,2018/4/10,08/19/2015
967,967,967,sh,2018/4/11,08/19/2015
968,968,968,sh,2018/4/12,08/19/2015
969,969,969,sh,2018/4/13,08/19/2015
970,970,970,sh,2018/4/14,08/19/2015
971,971,971,sh,2018/4/15,08/19/2015
972,972,972,sh,2018/4/16,08/19/2015
973,973,973,sh,2018/4/17,08/19/2015
974,974,974,sh,2018/4/18,08/19/2015
975,975,975,sh,2018/4/19,08/19/2015
976,976,976,sh,2018/4/20,08/19/2015
977,977,977,sh,2018/4/21,08/19/2015
978,978,978,sh,2018/4/22,08/19/2015
979,979,979,sh,2018/4/23,08/19/2015
980,980,980,sh,2018/4/24,08/19/2015
981,981,981,sh,2018/4/25,08/19/2015
982,982,982,sh,2018/4/26,08/19/2015
983,983,983,sh,2018/4/27,08/19/2015
984,984,984,sh,2018/4/28,08/19/2015
985,985,985,sh,2018/4/29,08/19/2015
986,986,986,sh,2018/4/30,08/19/2015
987,987,987,sh,2018/5/1,08/19/2015
988,988,988,sh,2018/5/2,08/19/2015
989,989,989,sh,2018/5/3,08/19/2015
990,990,990,sh,2018/5/4,08/19/2015
991,991,991,sh,2018/5/5,08/19/2015
992,992,992,sh,2018/5/6,08/19/2015
993,993,993,sh,2018/5/7,08/19/2015
994,994,994,sh,2018/5/8,08/19/2015
995,995,995,sh,2018/5/9,08/19/2015
996,996,996,sh,2018/5/10,08/19/2015
997,997,997,sh,2018/5/11,08/19/2015
998,998,998,sh,2018/5/12,08/19/2015
999,999,999,sh,2018/5/13,08/19/2015
1000,1000,1000,sh,2018/5/14,08/19/2015
1001,1001,1001,sh,2018/5/15,08/19/2015
1002,1002,1002,sh,2018/5/16,08/19/2015
1003,1003,1003,sh,2018/5/17,08/19/2015
1004,1004,1004,sh,2018/5/18,08/19/2015
1005,1005,1005,sh,2018/5/19,08/19/2015
1006,1006,1006,sh,2018/5/20,08/19/2015
1007,1007,1007,sh,2018/5/21,08/19/2015
1008,1008,1008,sh,2018/5/22,08/19/2015
1009,1009,1009,sh,2018/5/23,08/19/2015
1010,1010,1010,sh,2018/5/24,08/19/2015
1011,1011,1011,sh,2018/5/25,08/19/2015
1012,1012,1012,sh,2018/5/26,08/19/2015
1013,1013,1013,sh,2018/5/27,08/19/2015
1014,1014,1014,sh,2018/5/28,08/19/2015
1015,1015,1015,sh,2018/5/29,08/19/2015
1016,1016,1016,sh,2018/5/30,08/19/2015
1017,1017,1017,sh,2018/5/31,08/19/2015
1018,1018,1018,sh,2018/6/1,08/19/2015
1019,1019,1019,sh,2018/6/2,08/19/2015
1020,1020,1020,sh,2018/6/3,08/19/2015
1021,1021,1021,sh,2018/6/4,08/19/2015
1022,1022,1022,sh,2018/6/5,08/19/2015
1023,1023,1023,sh,2018/6/6,08/19/2015
1024,1024,1024,sh,2018/6/7,08/19/2015
1025,1025,1025,sh,2018/6/8,08/19/2015
1026,1026,1026,sh,2018/6/9,08/19/2015
1027,1027,1027,sh,2018/6/10,08/19/2015
1028,1028,1028,sh,2018/6/11,08/19/2015
1029,1029,1029,sh,2018/6/12,08/19/2015
1030,1030,1030,sh,2018/6/13,08/19/2015
1031,1031,1031,sh,2018/6/14,08/19/2015
1032,1032,1032,sh,2018/6/15,08/19/2015
1033,1033,1033,sh,2018/6/16,08/19/2015
1034,1034,1034,sh,2018/6/17,08/19/2015
1035,1035,1035,sh,2018/6/18,08/19/2015
1036,1036,1036,sh,2018/6/19,08/19/2015
1037,1037,1037,sh,2018/6/20,08/19/2015
1038,1038,1038,sh,2018/6/21,08/19/2015
1039,1039,1039,sh,2018/6/22,08/19/2015
1040,1040,1040,sh,2018/6/23,08/19/2015
1041,1041,1041,sh,2018/6/24,08/19/2015
1042,1042,1042,sh,2018/6/25,08/19/2015
1043,1043,1043,sh,2018/6/26,08/19/2015
1044,1044,1044,sh,2018/6/27,08/19/2015
1045,1045,1045,sh,2018/6/28,08/19/2015
1046,1046,1046,sh,2018/6/29,08/19/2015
1047,1047,1047,sh,2018/6/30,08/19/2015
1048,1048,1048,sh,2018/7/1,08/19/2015
1049,1049,1049,sh,2018/7/2,08/19/2015
1050,1050,1050,sh,2018/7/3,08/19/2015
1051,1051,1051,sh,2018/7/4,08/19/2015
1052,1052,1052,sh,2018/7/5,08/19/2015
1053,1053,1053,sh,2018/7/6,08/19/2015
1054,1054,1054,sh,2018/7/7,08/19/2015
1055,1055,1055,sh,2018/7/8,08/19/2015
1056,1056,1056,sh,2018/7/9,08/19/2015
1057,1057,1057,sh,2018/7/10,08/19/2015
1058,1058,1058,sh,2018/7/11,08/19/2015
1059,1059,1059,sh,2018/7/12,08/19/2015
1060,1060,1060,sh,2018/7/13,08/19/2015
1061,1061,1061,sh,2018/7/14,08/19/2015
1062,1062,1062,sh,2018/7/15,08/19/2015
1063,1063,1063,sh,2018/7/16,08/19/2015
1064,1064,1064,sh,2018/7/17,08/19/2015
1065,1065,1065,sh,2018/7/18,08/19/2015
1066,1066,1066,sh,2018/7/19,08/19/2015
1067,1067,1067,sh,2018/7/20,08/19/2015
1068,1068,1068,sh,2018/7/21,08/19/2015
1069,1069,1069,sh,2018/7/22,08/19/2015
1070,1070,1070,sh,2018/7/23,08/19/2015
1071,1071,1071,sh,2018/7/24,08/19/2015
1072,1072,1072,sh,2018/7/25,08/19/2015
1073,1073,1073,sh,2018/7/26,08/19/2015
1074,1074,1074,sh,2018/7/27,08/19/2015
1075,1075,1075,sh,2018/7/28,08/19/2015
1076,1076,1076,sh,2018/7/29,08/19/2015
1077,1077,1077,sh,2018/7/30,08/19/2015
1078,1078,1078,sh,2018/7/31,08/19/2015
1079,1079,1079,sh,2018/8/1,08/19/2015
1080,1080,1080,sh,2018/8/2,08/19/2015
1081,1081,1081,sh,2018/8/3,08/19/2015
1082,1082,1082,sh,2018/8/4,08/19/2015
1083,1083,1083,sh,2018/8/5,08/19/2015
1084,1084,1084,sh,2018/8/6,08/19/2015
1085,1085,1085,sh,2018/8/7,08/19/2015
1086,1086,1086,sh,2018/8/8,08/19/2015
1087,1087,1087,sh,2018/8/9,08/19/2015
1088,1088,1088,sh,2018/8/10,08/19/2015
1089,1089,1089,sh,2018/8/11,08/19/2015
1090,1090,1090,sh,2018/8/12,08/19/2015
1091,1091,1091,sh,2018/8/13,08/19/2015
1092,1092,1092,sh,2018/8/14,08/19/2015
1093,1093,1093,sh,2018/8/15,08/19/2015
1094,1094,1094,sh,2018/8/16,08/19/2015
1095,1095,1095,sh,2018/8/17,08/19/2015
1096,1096,1096,sh,2018/8/18,08/19/2015
1097,1097,1097,sh,2018/8/19,08/19/2015
1098,1098,1098,sh,2018/8/20,08/19/2015
1099,1099,1099,sh,2018/8/21,08/19/2015
1100,1100,1100,sh,2018/8/22,08/19/2015
1101,1101,1101,sh,2018/8/23,08/19/2015
1102,1102,1102,sh,2018/8/24,08/19/2015
1103,1103,1103,sh,2018/8/25,08/19/2015
1104,1104,1104,sh,2018/8/26,08/19/2015
1105,1105,1105,sh,2018/8/27,08/19/2015
1106,1106,1106,sh,2018/8/28,08/19/2015
1107,1107,1107,sh,2018/8/29,08/19/2015
1108,1108,1108,sh,2018/8/30,08/19/2015
1109,1109,1109,sh,2018/8/31,08/19/2015
1110,1110,1110,sh,2018/9/1,08/19/2015
1111,1111,1111,sh,2018/9/2,08/19/2015
1112,1112,1112,sh,2018/9/3,08/19/2015
1113,1113,1113,sh,2018/9/4,08/19/2015
1114,1114,1114,sh,2018/9/5,08/19/2015
1115,1115,1115,sh,2018/9/6,08/19/2015
1116,1116,1116,sh,2018/9/7,08/19/2015
1117,1117,1117,sh,2018/9/8,08/19/2015
1118,1118,1118,sh,2018/9/9,08/19/2015
1119,1119,1119,sh,2018/9/10,08/19/2015
1120,1120,1120,sh,2018/9/11,08/19/2015
1121,1121,1121,sh,2018/9/12,08/19/2015
1122,1122,1122,sh,2018/9/13,08/19/2015
1123,1123,1123,sh,2018/9/14,08/19/2015
1124,1124,1124,sh,2018/9/15,08/19/2015
1125,1125,1125,sh,2018/9/16,08/19/2015
1126,1126,1126,sh,2018/9/17,08/19/2015
1127,1127,1127,sh,2018/9/18,08/19/2015
1128,1128,1128,sh,2018/9/19,08/19/2015
1129,1129,1129,sh,2018/9/20,08/19/2015
1130,1130,1130,sh,2018/9/21,08/19/2015
1131,1131,1131,sh,2018/9/22,08/19/2015
1132,1132,1132,sh,2018/9/23,08/19/2015
1133,1133,1133,sh,2018/9/24,08/19/2015
1134,1134,1134,sh,2018/9/25,08/19/2015
1135,1135,1135,sh,2018/9/26,08/19/2015
1136,1136,1136,sh,2018/9/27,08/19/2015
1137,1137,1137,sh,2018/9/28,08/19/2015
1138,1138,1138,sh,2018/9/29,08/19/2015
1139,1139,1139,sh,2018/9/30,08/19/2015
1140,1140,1140,sh,2018/10/1,08/19/2015
1141,1141,1141,sh,2018/10/2,08/19/2015
1142,1142,1142,sh,2018/10/3,08/19/2015
1143,1143,1143,sh,2018/10/4,08/19/2015
1144,1144,1144,sh,2018/10/5,08/19/2015
1145,1145,1145,sh,2018/10/6,08/19/2015
1146,1146,1146,sh,2018/10/7,08/19/2015
1147,1147,1147,sh,2018/10/8,08/19/2015
1148,1148,1148,sh,2018/10/9,08/19/2015
1149,1149,1149,sh,2018/10/10,08/19/2015
1150,1150,1150,sh,2018/10/11,08/19/2015
1151,1151,1151,sh,2018/10/12,08/19/2015
1152,1152,1152,sh,2018/10/13,08/19/2015
1153,1153,1153,sh,2018/10/14,08/19/2015
