PART_NO,CONTRACT,ASSET_CLASS,ACCOUNTING_GROUP,PRIME_COMMODITY,LAST_ACTIVITY_DATE
1,sh,1,1,1,08/19/2015
2,sh,2,2,2,08/19/2015
3,sh,1,3,3,08/19/2015
4,sh,2,4,4,08/19/2015
5,sh,1,5,5,08/19/2015
6,sh,2,6,6,08/19/2015
7,sh,1,7,7,08/19/2015
8,sh,2,8,8,08/19/2015
9,sh,1,9,9,08/19/2015
10,sh,2,10,10,08/19/2015
11,sh,1,11,11,08/19/2015
12,sh,2,12,12,08/19/2015
13,sh,1,13,13,08/19/2015
14,sh,2,14,14,08/19/2015
15,sh,1,15,15,08/19/2015
16,sh,2,16,16,08/19/2015
17,sh,1,17,17,08/19/2015
18,sh,2,18,18,08/19/2015
19,sh,1,19,19,08/19/2015
20,sh,2,20,20,08/19/2015
21,sh,1,21,21,08/19/2015
22,sh,2,22,22,08/19/2015
23,sh,1,23,23,08/19/2015
24,tai,2,24,24,08/19/2015
25,tai,1,25,25,08/19/2015
26,tai,2,26,26,08/19/2015
27,tai,1,27,27,08/19/2015
28,tai,2,28,28,08/19/2015
29,tai,1,29,29,08/19/2015
30,tai,2,30,30,08/19/2015
31,tai,1,31,31,08/19/2015
32,tai,2,32,32,08/19/2015
33,tai,1,33,33,08/19/2015
34,tai,2,34,34,08/19/2015
35,tai,1,35,35,08/19/2015
36,tai,2,36,36,08/19/2015
37,tai,1,37,37,08/19/2015
38,tai,2,38,38,08/19/2015
39,tai,1,39,39,08/19/2015
40,tai,2,40,40,08/19/2015
41,tai,1,41,41,08/19/2015
42,tai,2,42,42,08/19/2015
43,tai,1,43,43,08/19/2015
44,tai,2,44,44,08/19/2015
45,tai,1,45,45,08/19/2015
46,tai,2,46,46,08/19/2015
47,tai,1,47,47,08/19/2015
48,tai,2,48,48,08/19/2015
49,tai,1,49,49,08/19/2015
50,tai,2,50,50,08/19/2015
51,tai,1,51,51,08/19/2015
52,tai,2,52,52,08/19/2015
53,tai,1,53,53,08/19/2015
54,tai,2,54,54,08/19/2015
55,tai,1,55,55,08/19/2015
56,tai,2,56,56,08/19/2015
57,tai,1,57,57,08/19/2015
58,tai,2,58,58,08/19/2015
59,tai,1,59,59,08/19/2015
60,tai,2,60,60,08/19/2015
61,tai,1,61,61,08/19/2015
62,tai,2,62,62,08/19/2015
63,tai,1,63,63,08/19/2015
64,tai,2,64,64,08/19/2015
65,tai,1,65,65,08/19/2015
66,tai,2,66,66,08/19/2015
67,tai,1,67,67,08/19/2015
68,tai,2,68,68,08/19/2015
69,tai,1,69,69,08/19/2015
70,tai,2,70,70,08/19/2015
71,tai,1,71,71,08/19/2015
72,tai,2,72,72,08/19/2015
73,tai,1,73,73,08/19/2015
74,tai,2,74,74,08/19/2015
75,tai,1,75,75,08/19/2015
76,tai,2,76,76,08/19/2015
77,tai,1,77,77,08/19/2015
78,tai,2,78,78,08/19/2015
79,tai,1,79,79,08/19/2015
80,tai,2,80,80,08/19/2015
81,tai,1,81,81,08/19/2015
82,tai,2,82,82,08/19/2015
83,tai,1,83,83,08/19/2015
84,tai,2,84,84,08/19/2015
85,tai,1,85,85,08/19/2015
86,tai,2,86,86,08/19/2015
87,tai,1,87,87,08/19/2015
88,tai,2,88,88,08/19/2015
89,tai,1,89,89,08/19/2015
90,tai,2,90,90,08/19/2015
91,tai,1,91,91,08/19/2015
92,tai,2,92,92,08/19/2015
93,tai,1,93,93,08/19/2015
94,tai,2,94,94,08/19/2015
95,tai,1,95,95,08/19/2015
96,tai,2,96,96,08/19/2015
97,tai,1,97,97,08/19/2015
98,tai,2,98,98,08/19/2015
99,tai,1,99,99,08/19/2015
100,tai,2,100,100,08/19/2015
101,tai,1,101,101,08/19/2015
102,tai,2,102,102,08/19/2015
103,tai,1,103,103,08/19/2015
104,tai,2,104,104,08/19/2015
105,tai,1,105,105,08/19/2015
106,tai,2,106,106,08/19/2015
107,tai,1,107,107,08/19/2015
108,tai,2,108,108,08/19/2015
109,tai,1,109,109,08/19/2015
110,tai,2,110,110,08/19/2015
111,tai,1,111,111,08/19/2015
112,tai,2,112,112,08/19/2015
113,tai,1,113,113,08/19/2015
114,tai,2,114,114,08/19/2015
115,tai,1,115,115,08/19/2015
116,tai,2,116,116,08/19/2015
117,tai,1,117,117,08/19/2015
118,tai,2,118,118,08/19/2015
119,tai,1,119,119,08/19/2015
120,tai,2,120,120,08/19/2015
121,tai,1,121,121,08/19/2015
122,tai,2,122,122,08/19/2015
123,tai,1,123,123,08/19/2015
124,sh,2,124,124,08/19/2015
125,sh,1,125,125,08/19/2015
126,sh,2,126,126,08/19/2015
127,sh,1,127,127,08/19/2015
128,sh,2,128,128,08/19/2015
129,sh,1,129,129,08/19/2015
130,sh,2,130,130,08/19/2015
131,sh,1,131,131,08/19/2015
132,sh,2,132,132,08/19/2015
133,sh,1,133,133,08/19/2015
134,sh,2,134,134,08/19/2015
135,sh,1,135,135,08/19/2015
136,sh,2,136,136,08/19/2015
137,sh,1,137,137,08/19/2015
138,sh,2,138,138,08/19/2015
139,sh,1,139,139,08/19/2015
140,sh,2,140,140,08/19/2015
141,sh,1,141,141,08/19/2015
142,sh,2,142,142,08/19/2015
143,sh,1,143,143,08/19/2015
144,sh,2,144,144,08/19/2015
145,sh,1,145,145,08/19/2015
146,sh,2,146,146,08/19/2015
147,sh,1,147,147,08/19/2015
148,sh,2,148,148,08/19/2015
149,sh,1,149,149,08/19/2015
150,sh,2,150,150,08/19/2015
151,sh,1,151,151,08/19/2015
152,sh,2,152,152,08/19/2015
153,sh,1,153,153,08/19/2015
154,sh,2,154,154,08/19/2015
155,sh,1,155,155,08/19/2015
156,sh,2,156,156,08/19/2015
157,sh,1,157,157,08/19/2015
158,sh,2,158,158,08/19/2015
159,sh,1,159,159,08/19/2015
160,sh,2,160,160,08/19/2015
161,sh,1,161,161,08/19/2015
162,sh,2,162,162,08/19/2015
163,sh,1,163,163,08/19/2015
164,sh,2,164,164,08/19/2015
165,sh,1,165,165,08/19/2015
166,sh,2,166,166,08/19/2015
167,sh,1,167,167,08/19/2015
168,sh,2,168,168,08/19/2015
169,sh,1,169,169,08/19/2015
170,sh,2,170,170,08/19/2015
171,sh,1,171,171,08/19/2015
172,sh,2,172,172,08/19/2015
173,sh,1,173,173,08/19/2015
174,sh,2,174,174,08/19/2015
175,sh,1,175,175,08/19/2015
176,sh,2,176,176,08/19/2015
177,sh,1,177,177,08/19/2015
178,sh,2,178,178,08/19/2015
179,sh,1,179,179,08/19/2015
180,sh,2,180,180,08/19/2015
181,sh,1,181,181,08/19/2015
182,sh,2,182,182,08/19/2015
183,sh,1,183,183,08/19/2015
184,sh,2,184,184,08/19/2015
185,sh,1,185,185,08/19/2015
186,sh,2,186,186,08/19/2015
187,sh,1,187,187,08/19/2015
188,sh,2,188,188,08/19/2015
189,sh,1,189,189,08/19/2015
190,sh,2,190,190,08/19/2015
191,sh,1,191,191,08/19/2015
192,sh,2,192,192,08/19/2015
193,sh,1,193,193,08/19/2015
194,sh,2,194,194,08/19/2015
195,sh,1,195,195,08/19/2015
196,sh,2,196,196,08/19/2015
197,sh,1,197,197,08/19/2015
198,sh,2,198,198,08/19/2015
199,sh,1,199,199,08/19/2015
200,sh,2,200,200,08/19/2015
201,sh,1,201,201,08/19/2015
202,sh,2,202,202,08/19/2015
203,sh,1,203,203,08/19/2015
204,sh,2,204,204,08/19/2015
205,sh,1,205,205,08/19/2015
206,sh,2,206,206,08/19/2015
207,sh,1,207,207,08/19/2015
208,sh,2,208,208,08/19/2015
209,sh,1,209,209,08/19/2015
210,sh,2,210,210,08/19/2015
211,sh,1,211,211,08/19/2015
212,sh,2,212,212,08/19/2015
213,sh,1,213,213,08/19/2015
214,sh,2,214,214,08/19/2015
215,sh,1,215,215,08/19/2015
216,sh,2,216,216,08/19/2015
217,sh,1,217,217,08/19/2015
218,sh,2,218,218,08/19/2015
219,sh,1,219,219,08/19/2015
220,sh,2,220,220,08/19/2015
221,sh,1,221,221,08/19/2015
222,sh,2,222,222,08/19/2015
223,sh,1,223,223,08/19/2015
224,sh,2,224,224,08/19/2015
225,sh,1,225,225,08/19/2015
226,sh,2,226,226,08/19/2015
227,sh,1,227,227,08/19/2015
228,sh,2,228,228,08/19/2015
229,sh,1,229,229,08/19/2015
230,sh,2,230,230,08/19/2015
231,sh,1,231,231,08/19/2015
232,sh,2,232,232,08/19/2015
233,sh,1,233,233,08/19/2015
234,sh,2,234,234,08/19/2015
235,sh,1,235,235,08/19/2015
236,sh,2,236,236,08/19/2015
237,sh,1,237,237,08/19/2015
238,sh,2,238,238,08/19/2015
239,sh,1,239,239,08/19/2015
240,sh,2,240,240,08/19/2015
241,sh,1,241,241,08/19/2015
242,sh,2,242,242,08/19/2015
243,sh,1,243,243,08/19/2015
244,sh,2,244,244,08/19/2015
245,sh,1,245,245,08/19/2015
246,sh,2,246,246,08/19/2015
247,sh,1,247,247,08/19/2015
248,sh,2,248,248,08/19/2015
249,sh,1,249,249,08/19/2015
250,sh,2,250,250,08/19/2015
251,sh,1,251,251,08/19/2015
252,sh,2,252,252,08/19/2015
253,sh,1,253,253,08/19/2015
254,sh,2,254,254,08/19/2015
255,sh,1,255,255,08/19/2015
256,sh,2,256,256,08/19/2015
257,sh,1,257,257,08/19/2015
258,sh,2,258,258,08/19/2015
259,sh,1,259,259,08/19/2015
260,sh,2,260,260,08/19/2015
261,sh,1,261,261,08/19/2015
262,sh,2,262,262,08/19/2015
263,sh,1,263,263,08/19/2015
264,sh,2,264,264,08/19/2015
265,sh,1,265,265,08/19/2015
266,sh,2,266,266,08/19/2015
267,sh,1,267,267,08/19/2015
268,sh,2,268,268,08/19/2015
269,sh,1,269,269,08/19/2015
270,sh,2,270,270,08/19/2015
271,sh,1,271,271,08/19/2015
272,sh,2,272,272,08/19/2015
273,sh,1,273,273,08/19/2015
274,sh,2,274,274,08/19/2015
275,sh,1,275,275,08/19/2015
276,sh,2,276,276,08/19/2015
277,sh,1,277,277,08/19/2015
278,sh,2,278,278,08/19/2015
279,sh,1,279,279,08/19/2015
280,sh,2,280,280,08/19/2015
281,sh,1,281,281,08/19/2015
282,sh,2,282,282,08/19/2015
283,sh,1,283,283,08/19/2015
284,sh,2,284,284,08/19/2015
285,sh,1,285,285,08/19/2015
286,sh,2,286,286,08/19/2015
287,sh,1,287,287,08/19/2015
288,sh,2,288,288,08/19/2015
289,sh,1,289,289,08/19/2015
290,sh,2,290,290,08/19/2015
291,sh,1,291,291,08/19/2015
292,sh,2,292,292,08/19/2015
293,sh,1,293,293,08/19/2015
294,sh,2,294,294,08/19/2015
295,sh,1,295,295,08/19/2015
296,sh,2,296,296,08/19/2015
297,sh,1,297,297,08/19/2015
298,sh,2,298,298,08/19/2015
299,sh,1,299,299,08/19/2015
300,sh,2,300,300,08/19/2015
301,sh,1,301,301,08/19/2015
302,sh,2,302,302,08/19/2015
303,sh,1,303,303,08/19/2015
304,sh,2,304,304,08/19/2015
305,sh,1,305,305,08/19/2015
306,sh,2,306,306,08/19/2015
307,sh,1,307,307,08/19/2015
308,sh,2,308,308,08/19/2015
309,jp,1,309,309,08/19/2015
310,jp,2,310,310,08/19/2015
311,jp,1,311,311,08/19/2015
312,jp,2,312,312,08/19/2015
313,jp,1,313,313,08/19/2015
314,jp,2,314,314,08/19/2015
315,jp,1,315,315,08/19/2015
316,jp,2,316,316,08/19/2015
317,jp,1,317,317,08/19/2015
318,jp,2,318,318,08/19/2015
319,jp,1,319,319,08/19/2015
320,jp,2,320,320,08/19/2015
321,jp,1,321,321,08/19/2015
322,jp,2,322,322,08/19/2015
323,jp,1,323,323,08/19/2015
324,jp,2,324,324,08/19/2015
325,jp,1,325,325,08/19/2015
326,jp,2,326,326,08/19/2015
327,jp,1,327,327,08/19/2015
328,jp,2,328,328,08/19/2015
329,jp,1,329,329,08/19/2015
330,jp,2,330,330,08/19/2015
331,jp,1,331,331,08/19/2015
332,jp,2,332,332,08/19/2015
333,jp,1,333,333,08/19/2015
334,jp,2,334,334,08/19/2015
335,jp,1,335,335,08/19/2015
336,jp,2,336,336,08/19/2015
337,jp,1,337,337,08/19/2015
338,jp,2,338,338,08/19/2015
339,jp,1,339,339,08/19/2015
340,jp,2,340,340,08/19/2015
341,jp,1,341,341,08/19/2015
342,jp,2,342,342,08/19/2015
343,jp,1,343,343,08/19/2015
344,jp,2,344,344,08/19/2015
345,jp,1,345,345,08/19/2015
346,jp,2,346,346,08/19/2015
347,jp,1,347,347,08/19/2015
348,jp,2,348,348,08/19/2015
349,jp,1,349,349,08/19/2015
350,jp,2,350,350,08/19/2015
351,jp,1,351,351,08/19/2015
352,jp,2,352,352,08/19/2015
353,jp,1,353,353,08/19/2015
354,jp,2,354,354,08/19/2015
355,jp,1,355,355,08/19/2015
356,jp,2,356,356,08/19/2015
357,jp,1,357,357,08/19/2015
358,jp,2,358,358,08/19/2015
359,jp,1,359,359,08/19/2015
360,jp,2,360,360,08/19/2015
361,jp,1,361,361,08/19/2015
362,jp,2,362,362,08/19/2015
363,jp,1,363,363,08/19/2015
364,jp,2,364,364,08/19/2015
365,jp,1,365,365,08/19/2015
366,jp,2,366,366,08/19/2015
367,jp,1,367,367,08/19/2015
368,jp,2,368,368,08/19/2015
369,jp,1,369,369,08/19/2015
370,jp,2,370,370,08/19/2015
371,jp,1,371,371,08/19/2015
372,jp,2,372,372,08/19/2015
373,jp,1,373,373,08/19/2015
374,jp,2,374,374,08/19/2015
375,jp,1,375,375,08/19/2015
376,jp,2,376,376,08/19/2015
377,jp,1,377,377,08/19/2015
378,jp,2,378,378,08/19/2015
379,jp,1,379,379,08/19/2015
380,jp,2,380,380,08/19/2015
381,jp,1,381,381,08/19/2015
382,jp,2,382,382,08/19/2015
383,jp,1,383,383,08/19/2015
384,jp,2,384,384,08/19/2015
385,jp,1,385,385,08/19/2015
386,jp,2,386,386,08/19/2015
387,jp,1,387,387,08/19/2015
388,jp,2,388,388,08/19/2015
389,jp,1,389,389,08/19/2015
390,jp,2,390,390,08/19/2015
391,jp,1,391,391,08/19/2015
392,jp,2,392,392,08/19/2015
393,jp,1,393,393,08/19/2015
394,jp,2,394,394,08/19/2015
395,jp,1,395,395,08/19/2015
396,jp,2,396,396,08/19/2015
397,jp,1,397,397,08/19/2015
398,jp,2,398,398,08/19/2015
399,jp,1,399,399,08/19/2015
400,jp,2,400,400,08/19/2015
401,jp,1,401,401,08/19/2015
402,jp,2,402,402,08/19/2015
403,jp,1,403,403,08/19/2015
404,jp,2,404,404,08/19/2015
405,jp,1,405,405,08/19/2015
406,jp,2,406,406,08/19/2015
407,jp,1,407,407,08/19/2015
408,jp,2,408,408,08/19/2015
409,jp,1,409,409,08/19/2015
410,jp,2,410,410,08/19/2015
411,jp,1,411,411,08/19/2015
412,jp,2,412,412,08/19/2015
413,jp,1,413,413,08/19/2015
414,jp,2,414,414,08/19/2015
415,jp,1,415,415,08/19/2015
416,jp,2,416,416,08/19/2015
417,jp,1,417,417,08/19/2015
418,jp,2,418,418,08/19/2015
419,jp,1,419,419,08/19/2015
420,jp,2,420,420,08/19/2015
421,jp,1,421,421,08/19/2015
422,jp,2,422,422,08/19/2015
423,jp,1,423,423,08/19/2015
424,jp,2,424,424,08/19/2015
425,jp,1,425,425,08/19/2015
426,jp,2,426,426,08/19/2015
427,jp,1,427,427,08/19/2015
428,jp,2,428,428,08/19/2015
429,jp,1,429,429,08/19/2015
430,jp,2,430,430,08/19/2015
431,jp,1,431,431,08/19/2015
432,jp,2,432,432,08/19/2015
433,jp,1,433,433,08/19/2015
434,jp,2,434,434,08/19/2015
435,jp,1,435,435,08/19/2015
436,jp,2,436,436,08/19/2015
437,jp,1,437,437,08/19/2015
438,jp,2,438,438,08/19/2015
439,jp,1,439,439,08/19/2015
440,jp,2,440,440,08/19/2015
441,jp,1,441,441,08/19/2015
442,jp,2,442,442,08/19/2015
443,jp,1,443,443,08/19/2015
444,jp,2,444,444,08/19/2015
445,jp,1,445,445,08/19/2015
446,jp,2,446,446,08/19/2015
447,jp,1,447,447,08/19/2015
448,jp,2,448,448,08/19/2015
449,jp,1,449,449,08/19/2015
450,jp,2,450,450,08/19/2015
451,jp,1,451,451,08/19/2015
452,jp,2,452,452,08/19/2015
453,jp,1,453,453,08/19/2015
454,jp,2,454,454,08/19/2015
455,jp,1,455,455,08/19/2015
456,jp,2,456,456,08/19/2015
457,jp,1,457,457,08/19/2015
458,jp,2,458,458,08/19/2015
459,jp,1,459,459,08/19/2015
460,jp,2,460,460,08/19/2015
461,jp,1,461,461,08/19/2015
462,jp,2,462,462,08/19/2015
463,jp,1,463,463,08/19/2015
464,jp,2,464,464,08/19/2015
465,jp,1,465,465,08/19/2015
466,jp,2,466,466,08/19/2015
467,jp,1,467,467,08/19/2015
468,jp,2,468,468,08/19/2015
469,jp,1,469,469,08/19/2015
470,jp,2,470,470,08/19/2015
471,jp,1,471,471,08/19/2015
472,jp,2,472,472,08/19/2015
473,jp,1,473,473,08/19/2015
474,jp,2,474,474,08/19/2015
475,jp,1,475,475,08/19/2015
476,jp,2,476,476,08/19/2015
477,jp,1,477,477,08/19/2015
478,jp,2,478,478,08/19/2015
479,jp,1,479,479,08/19/2015
480,jp,2,480,480,08/19/2015
481,jp,1,481,481,08/19/2015
482,jp,2,482,482,08/19/2015
483,jp,1,483,483,08/19/2015
484,jp,2,484,484,08/19/2015
485,jp,1,485,485,08/19/2015
486,jp,2,486,486,08/19/2015
487,jp,1,487,487,08/19/2015
488,jp,2,488,488,08/19/2015
489,jp,1,489,489,08/19/2015
490,jp,2,490,490,08/19/2015
491,jp,1,491,491,08/19/2015
492,jp,2,492,492,08/19/2015
493,jp,1,493,493,08/19/2015
494,jp,2,494,494,08/19/2015
495,jp,1,495,495,08/19/2015
496,jp,2,496,496,08/19/2015
497,jp,1,497,497,08/19/2015
498,jp,2,498,498,08/19/2015
499,jp,1,499,499,08/19/2015
500,jp,2,500,500,08/19/2015
501,jp,1,501,501,08/19/2015
502,jp,2,502,502,08/19/2015
503,jp,1,503,503,08/19/2015
504,jp,2,504,504,08/19/2015
505,jp,1,505,505,08/19/2015
506,jp,2,506,506,08/19/2015
507,jp,1,507,507,08/19/2015
508,jp,2,508,508,08/19/2015
509,jp,1,509,509,08/19/2015
510,jp,2,510,510,08/19/2015
511,jp,1,511,511,08/19/2015
512,jp,2,512,512,08/19/2015
513,jp,1,513,513,08/19/2015
514,jp,2,514,514,08/19/2015
515,jp,1,515,515,08/19/2015
516,jp,2,516,516,08/19/2015
517,jp,1,517,517,08/19/2015
518,jp,2,518,518,08/19/2015
519,jp,1,519,519,08/19/2015
520,jp,2,520,520,08/19/2015
521,jp,1,521,521,08/19/2015
522,jp,2,522,522,08/19/2015
523,jp,1,523,523,08/19/2015
524,jp,2,524,524,08/19/2015
525,jp,1,525,525,08/19/2015
526,jp,2,526,526,08/19/2015
527,jp,1,527,527,08/19/2015
528,jp,2,528,528,08/19/2015
529,jp,1,529,529,08/19/2015
530,jp,2,530,530,08/19/2015
531,jp,1,531,531,08/19/2015
532,jp,2,532,532,08/19/2015
533,jp,1,533,533,08/19/2015
534,jp,2,534,534,08/19/2015
535,jp,1,535,535,08/19/2015
536,jp,2,536,536,08/19/2015
537,jp,1,537,537,08/19/2015
538,jp,2,538,538,08/19/2015
539,jp,1,539,539,08/19/2015
540,jp,2,540,540,08/19/2015
541,jp,1,541,541,08/19/2015
542,jp,2,542,542,08/19/2015
543,jp,1,543,543,08/19/2015
544,jp,2,544,544,08/19/2015
545,jp,1,545,545,08/19/2015
546,jp,2,546,546,08/19/2015
547,jp,1,547,547,08/19/2015
548,jp,2,548,548,08/19/2015
549,jp,1,549,549,08/19/2015
550,jp,2,550,550,08/19/2015
551,jp,1,551,551,08/19/2015
552,jp,2,552,552,08/19/2015
553,jp,1,553,553,08/19/2015
554,jp,2,554,554,08/19/2015
555,jp,1,555,555,08/19/2015
556,jp,2,556,556,08/19/2015
557,jp,1,557,557,08/19/2015
558,jp,2,558,558,08/19/2015
559,jp,1,559,559,08/19/2015
560,jp,2,560,560,08/19/2015
561,jp,1,561,561,08/19/2015
562,jp,2,562,562,08/19/2015
563,jp,1,563,563,08/19/2015
564,jp,2,564,564,08/19/2015
565,jp,1,565,565,08/19/2015
566,jp,2,566,566,08/19/2015
567,jp,1,567,567,08/19/2015
568,jp,2,568,568,08/19/2015
569,jp,1,569,569,08/19/2015
570,jp,2,570,570,08/19/2015
571,jp,1,571,571,08/19/2015
572,jp,2,572,572,08/19/2015
573,jp,1,573,573,08/19/2015
574,jp,2,574,574,08/19/2015
575,jp,1,575,575,08/19/2015
576,jp,2,576,576,08/19/2015
577,jp,1,577,577,08/19/2015
578,jp,2,578,578,08/19/2015
579,jp,1,579,579,08/19/2015
580,jp,2,580,580,08/19/2015
581,jp,1,581,581,08/19/2015
582,jp,2,582,582,08/19/2015
583,jp,1,583,583,08/19/2015
584,jp,2,584,584,08/19/2015
585,jp,1,585,585,08/19/2015
586,jp,2,586,586,08/19/2015
587,jp,1,587,587,08/19/2015
588,jp,2,588,588,08/19/2015
589,jp,1,589,589,08/19/2015
590,jp,2,590,590,08/19/2015
591,jp,1,591,591,08/19/2015
592,jp,2,592,592,08/19/2015
593,jp,1,593,593,08/19/2015
594,jp,2,594,594,08/19/2015
595,jp,1,595,595,08/19/2015
596,jp,2,596,596,08/19/2015
597,jp,1,597,597,08/19/2015
598,jp,2,598,598,08/19/2015
599,jp,1,599,599,08/19/2015
600,jp,2,600,600,08/19/2015
601,jp,1,601,601,08/19/2015
602,jp,2,602,602,08/19/2015
603,jp,1,603,603,08/19/2015
604,jp,2,604,604,08/19/2015
605,jp,1,605,605,08/19/2015
606,jp,2,606,606,08/19/2015
607,jp,1,607,607,08/19/2015
608,jp,2,608,608,08/19/2015
609,jp,1,609,609,08/19/2015
610,jp,2,610,610,08/19/2015
611,jp,1,611,611,08/19/2015
612,jp,2,612,612,08/19/2015
613,jp,1,613,613,08/19/2015
614,jp,2,614,614,08/19/2015
615,jp,1,615,615,08/19/2015
616,jp,2,616,616,08/19/2015
617,jp,1,617,617,08/19/2015
618,jp,2,618,618,08/19/2015
619,jp,1,619,619,08/19/2015
620,jp,2,620,620,08/19/2015
621,jp,1,621,621,08/19/2015
622,jp,2,622,622,08/19/2015
623,jp,1,623,623,08/19/2015
624,jp,2,624,624,08/19/2015
625,jp,1,625,625,08/19/2015
626,jp,2,626,626,08/19/2015
627,jp,1,627,627,08/19/2015
628,jp,2,628,628,08/19/2015
629,jp,1,629,629,08/19/2015
630,jp,2,630,630,08/19/2015
631,jp,1,631,631,08/19/2015
632,jp,2,632,632,08/19/2015
633,jp,1,633,633,08/19/2015
634,jp,2,634,634,08/19/2015
635,jp,1,635,635,08/19/2015
636,jp,2,636,636,08/19/2015
637,jp,1,637,637,08/19/2015
638,jp,2,638,638,08/19/2015
639,jp,1,639,639,08/19/2015
640,jp,2,640,640,08/19/2015
641,jp,1,641,641,08/19/2015
642,jp,2,642,642,08/19/2015
643,jp,1,643,643,08/19/2015
644,jp,2,644,644,08/19/2015
645,jp,1,645,645,08/19/2015
646,jp,2,646,646,08/19/2015
647,jp,1,647,647,08/19/2015
648,jp,2,648,648,08/19/2015
649,jp,1,649,649,08/19/2015
650,jp,2,650,650,08/19/2015
651,jp,1,651,651,08/19/2015
652,jp,2,652,652,08/19/2015
653,jp,1,653,653,08/19/2015
654,jp,2,654,654,08/19/2015
655,jp,1,655,655,08/19/2015
656,jp,2,656,656,08/19/2015
657,jp,1,657,657,08/19/2015
658,jp,2,658,658,08/19/2015
659,jp,1,659,659,08/19/2015
660,jp,2,660,660,08/19/2015
661,jp,1,661,661,08/19/2015
662,jp,2,662,662,08/19/2015
663,jp,1,663,663,08/19/2015
664,jp,2,664,664,08/19/2015
665,jp,1,665,665,08/19/2015
666,jp,2,666,666,08/19/2015
667,jp,1,667,667,08/19/2015
668,jp,2,668,668,08/19/2015
669,jp,1,669,669,08/19/2015
670,jp,2,670,670,08/19/2015
671,jp,1,671,671,08/19/2015
672,jp,2,672,672,08/19/2015
673,jp,1,673,673,08/19/2015
674,jp,2,674,674,08/19/2015
675,jp,1,675,675,08/19/2015
676,jp,2,676,676,08/19/2015
677,jp,1,677,677,08/19/2015
678,jp,2,678,678,08/19/2015
679,jp,1,679,679,08/19/2015
680,jp,2,680,680,08/19/2015
681,jp,1,681,681,08/19/2015
682,jp,2,682,682,08/19/2015
683,jp,1,683,683,08/19/2015
684,jp,2,684,684,08/19/2015
685,jp,1,685,685,08/19/2015
686,jp,2,686,686,08/19/2015
687,jp,1,687,687,08/19/2015
688,jp,2,688,688,08/19/2015
689,jp,1,689,689,08/19/2015
690,jp,2,690,690,08/19/2015
691,jp,1,691,691,08/19/2015
692,jp,2,692,692,08/19/2015
693,jp,1,693,693,08/19/2015
694,jp,2,694,694,08/19/2015
695,jp,1,695,695,08/19/2015
696,jp,2,696,696,08/19/2015
697,jp,1,697,697,08/19/2015
698,jp,2,698,698,08/19/2015
699,jp,1,699,699,08/19/2015
700,jp,2,700,700,08/19/2015
701,jp,1,701,701,08/19/2015
702,jp,2,702,702,08/19/2015
703,jp,1,703,703,08/19/2015
704,jp,2,704,704,08/19/2015
705,jp,1,705,705,08/19/2015
706,jp,2,706,706,08/19/2015
707,jp,1,707,707,08/19/2015
708,jp,2,708,708,08/19/2015
709,jp,1,709,709,08/19/2015
710,jp,2,710,710,08/19/2015
711,jp,1,711,711,08/19/2015
712,jp,2,712,712,08/19/2015
713,jp,1,713,713,08/19/2015
714,jp,2,714,714,08/19/2015
715,jp,1,715,715,08/19/2015
716,jp,2,716,716,08/19/2015
717,jp,1,717,717,08/19/2015
718,jp,2,718,718,08/19/2015
719,jp,1,719,719,08/19/2015
720,jp,2,720,720,08/19/2015
721,jp,1,721,721,08/19/2015
722,jp,2,722,722,08/19/2015
723,jp,1,723,723,08/19/2015
724,jp,2,724,724,08/19/2015
725,jp,1,725,725,08/19/2015
726,jp,2,726,726,08/19/2015
727,jp,1,727,727,08/19/2015
728,jp,2,728,728,08/19/2015
729,jp,1,729,729,08/19/2015
730,jp,2,730,730,08/19/2015
731,jp,1,731,731,08/19/2015
732,jp,2,732,732,08/19/2015
733,jp,1,733,733,08/19/2015
734,jp,2,734,734,08/19/2015
735,jp,1,735,735,08/19/2015
736,jp,2,736,736,08/19/2015
737,jp,1,737,737,08/19/2015
738,jp,2,738,738,08/19/2015
739,jp,1,739,739,08/19/2015
740,jp,2,740,740,08/19/2015
741,jp,1,741,741,08/19/2015
742,jp,2,742,742,08/19/2015
743,jp,1,743,743,08/19/2015
744,jp,2,744,744,08/19/2015
745,jp,1,745,745,08/19/2015
746,jp,2,746,746,08/19/2015
747,jp,1,747,747,08/19/2015
748,jp,2,748,748,08/19/2015
749,jp,1,749,749,08/19/2015
750,jp,2,750,750,08/19/2015
751,jp,1,751,751,08/19/2015
752,jp,2,752,752,08/19/2015
753,jp,1,753,753,08/19/2015
754,jp,2,754,754,08/19/2015
755,jp,1,755,755,08/19/2015
756,jp,2,756,756,08/19/2015
757,jp,1,757,757,08/19/2015
758,jp,2,758,758,08/19/2015
759,jp,1,759,759,08/19/2015
760,jp,2,760,760,08/19/2015
761,jp,1,761,761,08/19/2015
762,jp,2,762,762,08/19/2015
763,jp,1,763,763,08/19/2015
764,jp,2,764,764,08/19/2015
765,jp,1,765,765,08/19/2015
766,jp,2,766,766,08/19/2015
767,jp,1,767,767,08/19/2015
768,jp,2,768,768,08/19/2015
769,jp,1,769,769,08/19/2015
770,jp,2,770,770,08/19/2015
771,jp,1,771,771,08/19/2015
772,jp,2,772,772,08/19/2015
773,jp,1,773,773,08/19/2015
774,jp,2,774,774,08/19/2015
775,jp,1,775,775,08/19/2015
776,jp,2,776,776,08/19/2015
777,jp,1,777,777,08/19/2015
778,jp,2,778,778,08/19/2015
779,jp,1,779,779,08/19/2015
780,jp,2,780,780,08/19/2015
781,jp,1,781,781,08/19/2015
782,jp,2,782,782,08/19/2015
783,jp,1,783,783,08/19/2015
784,jp,2,784,784,08/19/2015
785,jp,1,785,785,08/19/2015
786,jp,2,786,786,08/19/2015
787,jp,1,787,787,08/19/2015
788,jp,2,788,788,08/19/2015
789,jp,1,789,789,08/19/2015
790,jp,2,790,790,08/19/2015
791,jp,1,791,791,08/19/2015
792,jp,2,792,792,08/19/2015
793,jp,1,793,793,08/19/2015
794,jp,2,794,794,08/19/2015
795,jp,1,795,795,08/19/2015
796,jp,2,796,796,08/19/2015
797,jp,1,797,797,08/19/2015
798,jp,2,798,798,08/19/2015
799,jp,1,799,799,08/19/2015
800,jp,2,800,800,08/19/2015
801,jp,1,801,801,08/19/2015
802,jp,2,802,802,08/19/2015
803,jp,1,803,803,08/19/2015
804,jp,2,804,804,08/19/2015
805,jp,1,805,805,08/19/2015
806,jp,2,806,806,08/19/2015
807,jp,1,807,807,08/19/2015
808,jp,2,808,808,08/19/2015
809,jp,1,809,809,08/19/2015
810,jp,2,810,810,08/19/2015
811,jp,1,811,811,08/19/2015
812,jp,2,812,812,08/19/2015
813,jp,1,813,813,08/19/2015
814,jp,2,814,814,08/19/2015
815,jp,1,815,815,08/19/2015
816,jp,2,816,816,08/19/2015
817,sh,1,817,817,08/19/2015
818,sh,2,818,818,08/19/2015
819,sh,1,819,819,08/19/2015
820,sh,2,820,820,08/19/2015
821,sh,1,821,821,08/19/2015
822,sh,2,822,822,08/19/2015
823,sh,1,823,823,08/19/2015
824,sh,2,824,824,08/19/2015
825,sh,1,825,825,08/19/2015
826,sh,2,826,826,08/19/2015
827,sh,1,827,827,08/19/2015
828,sh,2,828,828,08/19/2015
829,sh,1,829,829,08/19/2015
830,sh,2,830,830,08/19/2015
831,sh,1,831,831,08/19/2015
832,sh,2,832,832,08/19/2015
833,sh,1,833,833,08/19/2015
834,sh,2,834,834,08/19/2015
835,sh,1,835,835,08/19/2015
836,sh,2,836,836,08/19/2015
837,sh,1,837,837,08/19/2015
838,sh,2,838,838,08/19/2015
839,sh,1,839,839,08/19/2015
840,sh,2,840,840,08/19/2015
841,sh,1,841,841,08/19/2015
842,sh,2,842,842,08/19/2015
843,sh,1,843,843,08/19/2015
844,sh,2,844,844,08/19/2015
845,sh,1,845,845,08/19/2015
846,sh,2,846,846,08/19/2015
847,sh,1,847,847,08/19/2015
848,sh,2,848,848,08/19/2015
849,sh,1,849,849,08/19/2015
850,sh,2,850,850,08/19/2015
851,sh,1,851,851,08/19/2015
852,sh,2,852,852,08/19/2015
853,sh,1,853,853,08/19/2015
854,sh,2,854,854,08/19/2015
855,sh,1,855,855,08/19/2015
856,sh,2,856,856,08/19/2015
857,sh,1,857,857,08/19/2015
858,sh,2,858,858,08/19/2015
859,sh,1,859,859,08/19/2015
860,sh,2,860,860,08/19/2015
861,sh,1,861,861,08/19/2015
862,sh,2,862,862,08/19/2015
863,sh,1,863,863,08/19/2015
864,sh,2,864,864,08/19/2015
865,sh,1,865,865,08/19/2015
866,sh,2,866,866,08/19/2015
867,sh,1,867,867,08/19/2015
868,sh,2,868,868,08/19/2015
869,sh,1,869,869,08/19/2015
870,sh,2,870,870,08/19/2015
871,sh,1,871,871,08/19/2015
872,sh,2,872,872,08/19/2015
873,sh,1,873,873,08/19/2015
874,sh,2,874,874,08/19/2015
875,sh,1,875,875,08/19/2015
876,sh,2,876,876,08/19/2015
877,sh,1,877,877,08/19/2015
878,sh,2,878,878,08/19/2015
879,sh,1,879,879,08/19/2015
880,sh,2,880,880,08/19/2015
881,sh,1,881,881,08/19/2015
882,sh,2,882,882,08/19/2015
883,sh,1,883,883,08/19/2015
884,sh,2,884,884,08/19/2015
885,sh,1,885,885,08/19/2015
886,sh,2,886,886,08/19/2015
887,sh,1,887,887,08/19/2015
888,sh,2,888,888,08/19/2015
889,sh,1,889,889,08/19/2015
890,sh,2,890,890,08/19/2015
891,sh,1,891,891,08/19/2015
892,sh,2,892,892,08/19/2015
893,sh,1,893,893,08/19/2015
894,sh,2,894,894,08/19/2015
895,sh,1,895,895,08/19/2015
896,sh,2,896,896,08/19/2015
897,sh,1,897,897,08/19/2015
898,sh,2,898,898,08/19/2015
899,sh,1,899,899,08/19/2015
900,sh,2,900,900,08/19/2015
901,sh,1,901,901,08/19/2015
902,sh,2,902,902,08/19/2015
903,sh,1,903,903,08/19/2015
904,sh,2,904,904,08/19/2015
905,sh,1,905,905,08/19/2015
906,sh,2,906,906,08/19/2015
907,sh,1,907,907,08/19/2015
908,sh,2,908,908,08/19/2015
909,sh,1,909,909,08/19/2015
910,sh,2,910,910,08/19/2015
911,sh,1,911,911,08/19/2015
912,sh,2,912,912,08/19/2015
913,sh,1,913,913,08/19/2015
914,sh,2,914,914,08/19/2015
915,sh,1,915,915,08/19/2015
916,sh,2,916,916,08/19/2015
917,sh,1,917,917,08/19/2015
918,sh,2,918,918,08/19/2015
919,sh,1,919,919,08/19/2015
920,sh,2,920,920,08/19/2015
921,sh,1,921,921,08/19/2015
922,sh,2,922,922,08/19/2015
923,sh,1,923,923,08/19/2015
924,sh,2,924,924,08/19/2015
925,sh,1,925,925,08/19/2015
926,sh,2,926,926,08/19/2015
927,sh,1,927,927,08/19/2015
928,sh,2,928,928,08/19/2015
929,sh,1,929,929,08/19/2015
930,sh,2,930,930,08/19/2015
931,sh,1,931,931,08/19/2015
932,sh,2,932,932,08/19/2015
933,sh,1,933,933,08/19/2015
934,sh,2,934,934,08/19/2015
935,sh,1,935,935,08/19/2015
936,sh,2,936,936,08/19/2015
937,sh,1,937,937,08/19/2015
938,sh,2,938,938,08/19/2015
939,sh,1,939,939,08/19/2015
940,sh,2,940,940,08/19/2015
941,sh,1,941,941,08/19/2015
942,sh,2,942,942,08/19/2015
943,sh,1,943,943,08/19/2015
944,sh,2,944,944,08/19/2015
945,sh,1,945,945,08/19/2015
946,sh,2,946,946,08/19/2015
947,sh,1,947,947,08/19/2015
948,sh,2,948,948,08/19/2015
949,sh,1,949,949,08/19/2015
950,sh,2,950,950,08/19/2015
951,sh,1,951,951,08/19/2015
952,sh,2,952,952,08/19/2015
953,sh,1,953,953,08/19/2015
954,sh,2,954,954,08/19/2015
955,sh,1,955,955,08/19/2015
956,sh,2,956,956,08/19/2015
957,sh,1,957,957,08/19/2015
958,sh,2,958,958,08/19/2015
959,sh,1,959,959,08/19/2015
960,sh,2,960,960,08/19/2015
961,sh,1,961,961,08/19/2015
962,sh,2,962,962,08/19/2015
963,sh,1,963,963,08/19/2015
964,sh,2,964,964,08/19/2015
965,sh,1,965,965,08/19/2015
966,sh,2,966,966,08/19/2015
967,sh,1,967,967,08/19/2015
968,sh,2,968,968,08/19/2015
969,sh,1,969,969,08/19/2015
970,sh,2,970,970,08/19/2015
971,sh,1,971,971,08/19/2015
972,sh,2,972,972,08/19/2015
973,sh,1,973,973,08/19/2015
974,sh,2,974,974,08/19/2015
975,sh,1,975,975,08/19/2015
976,sh,2,976,976,08/19/2015
977,sh,1,977,977,08/19/2015
978,sh,2,978,978,08/19/2015
979,sh,1,979,979,08/19/2015
980,sh,2,980,980,08/19/2015
981,sh,1,981,981,08/19/2015
982,sh,2,982,982,08/19/2015
983,sh,1,983,983,08/19/2015
984,sh,2,984,984,08/19/2015
985,sh,1,985,985,08/19/2015
986,sh,2,986,986,08/19/2015
987,sh,1,987,987,08/19/2015
988,sh,2,988,988,08/19/2015
989,sh,1,989,989,08/19/2015
990,sh,2,990,990,08/19/2015
991,sh,1,991,991,08/19/2015
992,sh,2,992,992,08/19/2015
993,sh,1,993,993,08/19/2015
994,sh,2,994,994,08/19/2015
995,sh,1,995,995,08/19/2015
996,sh,2,996,996,08/19/2015
997,sh,1,997,997,08/19/2015
998,sh,2,998,998,08/19/2015
999,sh,1,999,999,08/19/2015
1000,sh,2,1000,1000,08/19/2015
1001,sh,1,1001,1001,08/19/2015
1002,sh,2,1002,1002,08/19/2015
1003,sh,1,1003,1003,08/19/2015
1004,sh,2,1004,1004,08/19/2015
1005,sh,1,1005,1005,08/19/2015
1006,sh,2,1006,1006,08/19/2015
1007,sh,1,1007,1007,08/19/2015
1008,sh,2,1008,1008,08/19/2015
1009,sh,1,1009,1009,08/19/2015
1010,sh,2,1010,1010,08/19/2015
1011,sh,1,1011,1011,08/19/2015
1012,sh,2,1012,1012,08/19/2015
1013,sh,1,1013,1013,08/19/2015
1014,sh,2,1014,1014,08/19/2015
1015,sh,1,1015,1015,08/19/2015
1016,sh,2,1016,1016,08/19/2015
1017,sh,1,1017,1017,08/19/2015
1018,sh,2,1018,1018,08/19/2015
1019,sh,1,1019,1019,08/19/2015
1020,sh,2,1020,1020,08/19/2015
1021,sh,1,1021,1021,08/19/2015
1022,sh,2,1022,1022,08/19/2015
1023,sh,1,1023,1023,08/19/2015
1024,sh,2,1024,1024,08/19/2015
1025,sh,1,1025,1025,08/19/2015
1026,sh,2,1026,1026,08/19/2015
1027,sh,1,1027,1027,08/19/2015
1028,sh,2,1028,1028,08/19/2015
1029,sh,1,1029,1029,08/19/2015
1030,sh,2,1030,1030,08/19/2015
1031,sh,1,1031,1031,08/19/2015
1032,sh,2,1032,1032,08/19/2015
1033,sh,1,1033,1033,08/19/2015
1034,sh,2,1034,1034,08/19/2015
1035,sh,1,1035,1035,08/19/2015
1036,sh,2,1036,1036,08/19/2015
1037,sh,1,1037,1037,08/19/2015
1038,sh,2,1038,1038,08/19/2015
1039,sh,1,1039,1039,08/19/2015
1040,sh,2,1040,1040,08/19/2015
1041,sh,1,1041,1041,08/19/2015
1042,sh,2,1042,1042,08/19/2015
1043,sh,1,1043,1043,08/19/2015
1044,sh,2,1044,1044,08/19/2015
1045,sh,1,1045,1045,08/19/2015
1046,sh,2,1046,1046,08/19/2015
1047,sh,1,1047,1047,08/19/2015
1048,sh,2,1048,1048,08/19/2015
1049,sh,1,1049,1049,08/19/2015
1050,sh,2,1050,1050,08/19/2015
1051,sh,1,1051,1051,08/19/2015
1052,sh,2,1052,1052,08/19/2015
1053,sh,1,1053,1053,08/19/2015
1054,sh,2,1054,1054,08/19/2015
1055,sh,1,1055,1055,08/19/2015
1056,sh,2,1056,1056,08/19/2015
1057,sh,1,1057,1057,08/19/2015
1058,sh,2,1058,1058,08/19/2015
1059,sh,1,1059,1059,08/19/2015
1060,sh,2,1060,1060,08/19/2015
1061,sh,1,1061,1061,08/19/2015
1062,sh,2,1062,1062,08/19/2015
1063,sh,1,1063,1063,08/19/2015
1064,sh,2,1064,1064,08/19/2015
1065,sh,1,1065,1065,08/19/2015
1066,sh,2,1066,1066,08/19/2015
1067,sh,1,1067,1067,08/19/2015
1068,sh,2,1068,1068,08/19/2015
1069,sh,1,1069,1069,08/19/2015
1070,sh,2,1070,1070,08/19/2015
1071,sh,1,1071,1071,08/19/2015
1072,sh,2,1072,1072,08/19/2015
1073,sh,1,1073,1073,08/19/2015
1074,sh,2,1074,1074,08/19/2015
1075,sh,1,1075,1075,08/19/2015
1076,sh,2,1076,1076,08/19/2015
1077,sh,1,1077,1077,08/19/2015
1078,sh,2,1078,1078,08/19/2015
1079,sh,1,1079,1079,08/19/2015
1080,sh,2,1080,1080,08/19/2015
1081,sh,1,1081,1081,08/19/2015
1082,sh,2,1082,1082,08/19/2015
1083,sh,1,1083,1083,08/19/2015
1084,sh,2,1084,1084,08/19/2015
1085,sh,1,1085,1085,08/19/2015
1086,sh,2,1086,1086,08/19/2015
1087,sh,1,1087,1087,08/19/2015
1088,sh,2,1088,1088,08/19/2015
1089,sh,1,1089,1089,08/19/2015
1090,sh,2,1090,1090,08/19/2015
1091,sh,1,1091,1091,08/19/2015
1092,sh,2,1092,1092,08/19/2015
1093,sh,1,1093,1093,08/19/2015
1094,sh,2,1094,1094,08/19/2015
1095,sh,1,1095,1095,08/19/2015
1096,sh,2,1096,1096,08/19/2015
1097,sh,1,1097,1097,08/19/2015
1098,sh,2,1098,1098,08/19/2015
1099,sh,1,1099,1099,08/19/2015
1100,sh,2,1100,1100,08/19/2015
1101,sh,1,1101,1101,08/19/2015
1102,sh,2,1102,1102,08/19/2015
1103,sh,1,1103,1103,08/19/2015
1104,sh,2,1104,1104,08/19/2015
1105,sh,1,1105,1105,08/19/2015
1106,sh,2,1106,1106,08/19/2015
1107,sh,1,1107,1107,08/19/2015
1108,sh,2,1108,1108,08/19/2015
1109,sh,1,1109,1109,08/19/2015
1110,sh,2,1110,1110,08/19/2015
1111,sh,1,1111,1111,08/19/2015
1112,sh,2,1112,1112,08/19/2015
1113,sh,1,1113,1113,08/19/2015
1114,sh,2,1114,1114,08/19/2015
1115,sh,1,1115,1115,08/19/2015
1116,sh,2,1116,1116,08/19/2015
1117,sh,1,1117,1117,08/19/2015
1118,sh,2,1118,1118,08/19/2015
1119,sh,1,1119,1119,08/19/2015
1120,sh,2,1120,1120,08/19/2015
1121,sh,1,1121,1121,08/19/2015
1122,sh,2,1122,1122,08/19/2015
1123,sh,1,1123,1123,08/19/2015
1124,sh,2,1124,1124,08/19/2015
1125,sh,1,1125,1125,08/19/2015
1126,sh,2,1126,1126,08/19/2015
1127,sh,1,1127,1127,08/19/2015
1128,sh,2,1128,1128,08/19/2015
1129,sh,1,1129,1129,08/19/2015
1130,sh,2,1130,1130,08/19/2015
1131,sh,1,1131,1131,08/19/2015
1132,sh,2,1132,1132,08/19/2015
1133,sh,1,1133,1133,08/19/2015
1134,sh,2,1134,1134,08/19/2015
1135,sh,1,1135,1135,08/19/2015
1136,sh,2,1136,1136,08/19/2015
1137,sh,1,1137,1137,08/19/2015
1138,sh,2,1138,1138,08/19/2015
1139,sh,1,1139,1139,08/19/2015
1140,sh,2,1140,1140,08/19/2015
1141,sh,1,1141,1141,08/19/2015
1142,sh,2,1142,1142,08/19/2015
1143,sh,1,1143,1143,08/19/2015
1144,sh,2,1144,1144,08/19/2015
1145,sh,1,1145,1145,08/19/2015
1146,sh,2,1146,1146,08/19/2015
1147,sh,1,1147,1147,08/19/2015
1148,sh,2,1148,1148,08/19/2015
1149,sh,1,1149,1149,08/19/2015
1150,sh,2,1150,1150,08/19/2015
1151,sh,1,1151,1151,08/19/2015
1152,sh,2,1152,1152,08/19/2015
1153,sh,1,1153,1153,08/19/2015
1154,sh,2,1154,1154,08/19/2015
1155,sh,1,1155,1155,08/19/2015
1156,sh,2,1156,1156,08/19/2015
1157,sh,1,1157,1157,08/19/2015
1158,sh,2,1158,1158,08/19/2015
1159,sh,1,1159,1159,08/19/2015
1160,sh,2,1160,1160,08/19/2015
1161,sh,1,1161,1161,08/19/2015
1162,sh,2,1162,1162,08/19/2015
1163,sh,1,1163,1163,08/19/2015
1164,sh,2,1164,1164,08/19/2015
1165,sh,1,1165,1165,08/19/2015
1166,sh,2,1166,1166,08/19/2015
1167,sh,1,1167,1167,08/19/2015
1168,sh,2,1168,1168,08/19/2015
1169,sh,1,1169,1169,08/19/2015
1170,sh,2,1170,1170,08/19/2015
1171,sh,1,1171,1171,08/19/2015
1172,sh,2,1172,1172,08/19/2015
1173,sh,1,1173,1173,08/19/2015
1174,sh,2,1174,1174,08/19/2015
1175,sh,1,1175,1175,08/19/2015
1176,sh,2,1176,1176,08/19/2015
1177,sh,1,1177,1177,08/19/2015
1178,sh,2,1178,1178,08/19/2015
1179,sh,1,1179,1179,08/19/2015
1180,sh,2,1180,1180,08/19/2015
1181,sh,1,1181,1181,08/19/2015
1182,sh,2,1182,1182,08/19/2015
1183,sh,1,1183,1183,08/19/2015
1184,sh,2,1184,1184,08/19/2015
1185,sh,1,1185,1185,08/19/2015
1186,sh,2,1186,1186,08/19/2015
1187,sh,1,1187,1187,08/19/2015
1188,sh,2,1188,1188,08/19/2015
1189,sh,1,1189,1189,08/19/2015
1190,sh,2,1190,1190,08/19/2015
1191,sh,1,1191,1191,08/19/2015
1192,sh,2,1192,1192,08/19/2015
1193,sh,1,1193,1193,08/19/2015
1194,sh,2,1194,1194,08/19/2015
1195,sh,1,1195,1195,08/19/2015
1196,sh,2,1196,1196,08/19/2015
1197,sh,1,1197,1197,08/19/2015
1198,sh,2,1198,1198,08/19/2015
1199,sh,1,1199,1199,08/19/2015
1200,sh,2,1200,1200,08/19/2015
1201,sh,1,1201,1201,08/19/2015
1202,sh,2,1202,1202,08/19/2015
1203,sh,1,1203,1203,08/19/2015
1204,sh,2,1204,1204,08/19/2015
1205,sh,1,1205,1205,08/19/2015
1206,sh,2,1206,1206,08/19/2015
1207,sh,1,1207,1207,08/19/2015
1208,sh,2,1208,1208,08/19/2015
1209,sh,1,1209,1209,08/19/2015
1210,sh,2,1210,1210,08/19/2015
1211,sh,1,1211,1211,08/19/2015
1212,sh,2,1212,1212,08/19/2015
1213,sh,1,1213,1213,08/19/2015
1214,sh,2,1214,1214,08/19/2015
1215,sh,1,1215,1215,08/19/2015
1216,sh,2,1216,1216,08/19/2015
1217,sh,1,1217,1217,08/19/2015
1218,sh,2,1218,1218,08/19/2015
1219,sh,1,1219,1219,08/19/2015
1220,sh,2,1220,1220,08/19/2015
1221,sh,1,1221,1221,08/19/2015
1222,sh,2,1222,1222,08/19/2015
1223,sh,1,1223,1223,08/19/2015
1224,sh,2,1224,1224,08/19/2015
1225,sh,1,1225,1225,08/19/2015
1226,sh,2,1226,1226,08/19/2015
1227,sh,1,1227,1227,08/19/2015
1228,sh,2,1228,1228,08/19/2015
1229,sh,1,1229,1229,08/19/2015
1230,sh,2,1230,1230,08/19/2015
1231,sh,1,1231,1231,08/19/2015
1232,sh,2,1232,1232,08/19/2015
1233,sh,1,1233,1233,08/19/2015
1234,sh,2,1234,1234,08/19/2015
1235,sh,1,1235,1235,08/19/2015
1236,sh,2,1236,1236,08/19/2015
1237,sh,1,1237,1237,08/19/2015
1238,sh,2,1238,1238,08/19/2015
1239,sh,1,1239,1239,08/19/2015
1240,sh,2,1240,1240,08/19/2015
1241,sh,1,1241,1241,08/19/2015
1242,sh,2,1242,1242,08/19/2015
1243,sh,1,1243,1243,08/19/2015
1244,sh,2,1244,1244,08/19/2015
1245,sh,1,1245,1245,08/19/2015
1246,sh,2,1246,1246,08/19/2015
1247,sh,1,1247,1247,08/19/2015
1248,sh,2,1248,1248,08/19/2015
1249,sh,1,1249,1249,08/19/2015
1250,sh,2,1250,1250,08/19/2015
1251,sh,1,1251,1251,08/19/2015
1252,sh,2,1252,1252,08/19/2015
1253,sh,1,1253,1253,08/19/2015
1254,sh,2,1254,1254,08/19/2015
1255,sh,1,1255,1255,08/19/2015
1256,sh,2,1256,1256,08/19/2015
1257,sh,1,1257,1257,08/19/2015
1258,sh,2,1258,1258,08/19/2015
1259,sh,1,1259,1259,08/19/2015
1260,sh,2,1260,1260,08/19/2015
1261,sh,1,1261,1261,08/19/2015
1262,sh,2,1262,1262,08/19/2015
1263,sh,1,1263,1263,08/19/2015
1264,sh,2,1264,1264,08/19/2015
1265,sh,1,1265,1265,08/19/2015
1266,sh,2,1266,1266,08/19/2015
1267,sh,1,1267,1267,08/19/2015
1268,sh,2,1268,1268,08/19/2015
1269,sh,1,1269,1269,08/19/2015
1270,sh,2,1270,1270,08/19/2015
1271,sh,1,1271,1271,08/19/2015
1272,sh,2,1272,1272,08/19/2015
1273,sh,1,1273,1273,08/19/2015
1274,sh,2,1274,1274,08/19/2015
1275,sh,1,1275,1275,08/19/2015
1276,sh,2,1276,1276,08/19/2015
1277,sh,1,1277,1277,08/19/2015
1278,sh,2,1278,1278,08/19/2015
1279,sh,1,1279,1279,08/19/2015
1280,sh,2,1280,1280,08/19/2015
1281,sh,1,1281,1281,08/19/2015
1282,sh,2,1282,1282,08/19/2015
1283,sh,1,1283,1283,08/19/2015
1284,sh,2,1284,1284,08/19/2015
1285,sh,1,1285,1285,08/19/2015
1286,sh,2,1286,1286,08/19/2015
1287,sh,1,1287,1287,08/19/2015
1288,sh,2,1288,1288,08/19/2015
1289,sh,1,1289,1289,08/19/2015
