CONTRACT,N_SHOP_LIST_ID,PART_NO,LOT_BATCH_NO,N_CREATED_DATE,ROWVERSION,ROWKEY
sh,1,1,1,08/19/2015,08/19/2015,1
sh,2,2,2,08/19/2015,08/19/2015,2
sh,3,3,3,08/19/2015,08/19/2015,3
sh,4,4,4,08/19/2015,08/19/2015,4
sh,5,5,5,08/19/2015,08/19/2015,5
sh,6,6,6,08/19/2015,08/19/2015,6
sh,7,7,7,08/19/2015,08/19/2015,7
sh,8,8,8,08/19/2015,08/19/2015,8
sh,9,9,9,08/19/2015,08/19/2015,9
sh,10,10,10,08/19/2015,08/19/2015,10
sh,11,11,11,08/19/2015,08/19/2015,11
sh,12,12,12,08/19/2015,08/19/2015,12
sh,13,13,13,08/19/2015,08/19/2015,13
sh,14,14,14,08/19/2015,08/19/2015,14
sh,15,15,15,08/19/2015,08/19/2015,15
sh,16,16,16,08/19/2015,08/19/2015,16
sh,17,17,17,08/19/2015,08/19/2015,17
sh,18,18,18,08/19/2015,08/19/2015,18
sh,19,19,19,08/19/2015,08/19/2015,19
sh,20,20,20,08/19/2015,08/19/2015,20
sh,21,21,21,08/19/2015,08/19/2015,21
sh,22,22,22,08/19/2015,08/19/2015,22
sh,23,23,23,08/19/2015,08/19/2015,23
sh,24,24,24,08/19/2015,08/19/2015,24
sh,25,25,25,08/19/2015,08/19/2015,25
sh,26,26,26,08/19/2015,08/19/2015,26
sh,27,27,27,08/19/2015,08/19/2015,27
sh,28,28,28,08/19/2015,08/19/2015,28
sh,29,29,29,08/19/2015,08/19/2015,29
sh,30,30,30,08/19/2015,08/19/2015,30
sh,31,31,31,08/19/2015,08/19/2015,31
sh,32,32,32,08/19/2015,08/19/2015,32
sh,33,33,33,08/19/2015,08/19/2015,33
sh,34,34,34,08/19/2015,08/19/2015,34
sh,35,35,35,08/19/2015,08/19/2015,35
sh,36,36,36,08/19/2015,08/19/2015,36
sh,37,37,37,08/19/2015,08/19/2015,37
sh,38,38,38,08/19/2015,08/19/2015,38
sh,39,39,39,08/19/2015,08/19/2015,39
sh,40,40,40,08/19/2015,08/19/2015,40
sh,41,41,41,08/19/2015,08/19/2015,41
sh,42,42,42,08/19/2015,08/19/2015,42
sh,43,43,43,08/19/2015,08/19/2015,43
sh,44,44,44,08/19/2015,08/19/2015,44
sh,45,45,45,08/19/2015,08/19/2015,45
sh,46,46,46,08/19/2015,08/19/2015,46
sh,47,47,47,08/19/2015,08/19/2015,47
sh,48,48,48,08/19/2015,08/19/2015,48
sh,49,49,49,08/19/2015,08/19/2015,49
sh,50,50,50,08/19/2015,08/19/2015,50
sh,51,51,51,08/19/2015,08/19/2015,51
sh,52,52,52,08/19/2015,08/19/2015,52
sh,53,53,53,08/19/2015,08/19/2015,53
sh,54,54,54,08/19/2015,08/19/2015,54
sh,55,55,55,08/19/2015,08/19/2015,55
sh,56,56,56,08/19/2015,08/19/2015,56
sh,57,57,57,08/19/2015,08/19/2015,57
sh,58,58,58,08/19/2015,08/19/2015,58
sh,59,59,59,08/19/2015,08/19/2015,59
sh,60,60,60,08/19/2015,08/19/2015,60
sh,61,61,61,08/19/2015,08/19/2015,61
sh,62,62,62,08/19/2015,08/19/2015,62
sh,63,63,63,08/19/2015,08/19/2015,63
sh,64,64,64,08/19/2015,08/19/2015,64
sh,65,65,65,08/19/2015,08/19/2015,65
sh,66,66,66,08/19/2015,08/19/2015,66
sh,67,67,67,08/19/2015,08/19/2015,67
sh,68,68,68,08/19/2015,08/19/2015,68
sh,69,69,69,08/19/2015,08/19/2015,69
sh,70,70,70,08/19/2015,08/19/2015,70
sh,71,71,71,08/19/2015,08/19/2015,71
sh,72,72,72,08/19/2015,08/19/2015,72
sh,73,73,73,08/19/2015,08/19/2015,73
sh,74,74,74,08/19/2015,08/19/2015,74
sh,75,75,75,08/19/2015,08/19/2015,75
sh,76,76,76,08/19/2015,08/19/2015,76
sh,77,77,77,08/19/2015,08/19/2015,77
sh,78,78,78,08/19/2015,08/19/2015,78
sh,79,79,79,08/19/2015,08/19/2015,79
sh,80,80,80,08/19/2015,08/19/2015,80
sh,81,81,81,08/19/2015,08/19/2015,81
sh,82,82,82,08/19/2015,08/19/2015,82
sh,83,83,83,08/19/2015,08/19/2015,83
sh,84,84,84,08/19/2015,08/19/2015,84
sh,85,85,85,08/19/2015,08/19/2015,85
sh,86,86,86,08/19/2015,08/19/2015,86
sh,87,87,87,08/19/2015,08/19/2015,87
sh,88,88,88,08/19/2015,08/19/2015,88
sh,89,89,89,08/19/2015,08/19/2015,89
sh,90,90,90,08/19/2015,08/19/2015,90
sh,91,91,91,08/19/2015,08/19/2015,91
sh,92,92,92,08/19/2015,08/19/2015,92
sh,93,93,93,08/19/2015,08/19/2015,93
sh,94,94,94,08/19/2015,08/19/2015,94
sh,95,95,95,08/19/2015,08/19/2015,95
sh,96,96,96,08/19/2015,08/19/2015,96
sh,97,97,97,08/19/2015,08/19/2015,97
sh,98,98,98,08/19/2015,08/19/2015,98
sh,99,99,99,08/19/2015,08/19/2015,99
sh,100,100,100,08/19/2015,08/19/2015,100
sh,101,101,101,08/19/2015,08/19/2015,101
sh,102,102,102,08/19/2015,08/19/2015,102
sh,103,103,103,08/19/2015,08/19/2015,103
sh,104,104,104,08/19/2015,08/19/2015,104
sh,105,105,105,08/19/2015,08/19/2015,105
sh,106,106,106,08/19/2015,08/19/2015,106
sh,107,107,107,08/19/2015,08/19/2015,107
sh,108,108,108,08/19/2015,08/19/2015,108
sh,109,109,109,08/19/2015,08/19/2015,109
sh,110,110,110,08/19/2015,08/19/2015,110
sh,111,111,111,08/19/2015,08/19/2015,111
sh,112,112,112,08/19/2015,08/19/2015,112
sh,113,113,113,08/19/2015,08/19/2015,113
sh,114,114,114,08/19/2015,08/19/2015,114
sh,115,115,115,08/19/2015,08/19/2015,115
sh,116,116,116,08/19/2015,08/19/2015,116
sh,117,117,117,08/19/2015,08/19/2015,117
sh,118,118,118,08/19/2015,08/19/2015,118
sh,119,119,119,08/19/2015,08/19/2015,119
sh,120,120,120,08/19/2015,08/19/2015,120
sh,121,121,121,08/19/2015,08/19/2015,121
sh,122,122,122,08/19/2015,08/19/2015,122
sh,123,123,123,08/19/2015,08/19/2015,123
sh,124,124,124,08/19/2015,08/19/2015,124
sh,125,125,125,08/19/2015,08/19/2015,125
sh,126,126,126,08/19/2015,08/19/2015,126
sh,127,127,127,08/19/2015,08/19/2015,127
sh,128,128,128,08/19/2015,08/19/2015,128
sh,129,129,129,08/19/2015,08/19/2015,129
sh,130,130,130,08/19/2015,08/19/2015,130
sh,131,131,131,08/19/2015,08/19/2015,131
sh,132,132,132,08/19/2015,08/19/2015,132
sh,133,133,133,08/19/2015,08/19/2015,133
sh,134,134,134,08/19/2015,08/19/2015,134
sh,135,135,135,08/19/2015,08/19/2015,135
sh,136,136,136,08/19/2015,08/19/2015,136
sh,137,137,137,08/19/2015,08/19/2015,137
sh,138,138,138,08/19/2015,08/19/2015,138
sh,139,139,139,08/19/2015,08/19/2015,139
sh,140,140,140,08/19/2015,08/19/2015,140
sh,141,141,141,08/19/2015,08/19/2015,141
sh,142,142,142,08/19/2015,08/19/2015,142
sh,143,143,143,08/19/2015,08/19/2015,143
sh,144,144,144,08/19/2015,08/19/2015,144
sh,145,145,145,08/19/2015,08/19/2015,145
sh,146,146,146,08/19/2015,08/19/2015,146
sh,147,147,147,08/19/2015,08/19/2015,147
sh,148,148,148,08/19/2015,08/19/2015,148
sh,149,149,149,08/19/2015,08/19/2015,149
sh,150,150,150,08/19/2015,08/19/2015,150
sh,151,151,151,08/19/2015,08/19/2015,151
sh,152,152,152,08/19/2015,08/19/2015,152
sh,153,153,153,08/19/2015,08/19/2015,153
sh,154,154,154,08/19/2015,08/19/2015,154
sh,155,155,155,08/19/2015,08/19/2015,155
sh,156,156,156,08/19/2015,08/19/2015,156
sh,157,157,157,08/19/2015,08/19/2015,157
sh,158,158,158,08/19/2015,08/19/2015,158
sh,159,159,159,08/19/2015,08/19/2015,159
sh,160,160,160,08/19/2015,08/19/2015,160
sh,161,161,161,08/19/2015,08/19/2015,161
sh,162,162,162,08/19/2015,08/19/2015,162
sh,163,163,163,08/19/2015,08/19/2015,163
sh,164,164,164,08/19/2015,08/19/2015,164
sh,165,165,165,08/19/2015,08/19/2015,165
sh,166,166,166,08/19/2015,08/19/2015,166
sh,167,167,167,08/19/2015,08/19/2015,167
sh,168,168,168,08/19/2015,08/19/2015,168
sh,169,169,169,08/19/2015,08/19/2015,169
sh,170,170,170,08/19/2015,08/19/2015,170
sh,171,171,171,08/19/2015,08/19/2015,171
sh,172,172,172,08/19/2015,08/19/2015,172
sh,173,173,173,08/19/2015,08/19/2015,173
sh,174,174,174,08/19/2015,08/19/2015,174
sh,175,175,175,08/19/2015,08/19/2015,175
sh,176,176,176,08/19/2015,08/19/2015,176
sh,177,177,177,08/19/2015,08/19/2015,177
sh,178,178,178,08/19/2015,08/19/2015,178
sh,179,179,179,08/19/2015,08/19/2015,179
sh,180,180,180,08/19/2015,08/19/2015,180
sh,181,181,181,08/19/2015,08/19/2015,181
sh,182,182,182,08/19/2015,08/19/2015,182
sh,183,183,183,08/19/2015,08/19/2015,183
sh,184,184,184,08/19/2015,08/19/2015,184
sh,185,185,185,08/19/2015,08/19/2015,185
sh,186,186,186,08/19/2015,08/19/2015,186
sh,187,187,187,08/19/2015,08/19/2015,187
sh,188,188,188,08/19/2015,08/19/2015,188
sh,189,189,189,08/19/2015,08/19/2015,189
sh,190,190,190,08/19/2015,08/19/2015,190
sh,191,191,191,08/19/2015,08/19/2015,191
sh,192,192,192,08/19/2015,08/19/2015,192
sh,193,193,193,08/19/2015,08/19/2015,193
sh,194,194,194,08/19/2015,08/19/2015,194
sh,195,195,195,08/19/2015,08/19/2015,195
sh,196,196,196,08/19/2015,08/19/2015,196
sh,197,197,197,08/19/2015,08/19/2015,197
sh,198,198,198,08/19/2015,08/19/2015,198
sh,199,199,199,08/19/2015,08/19/2015,199
sh,200,200,200,08/19/2015,08/19/2015,200
sh,201,201,201,08/19/2015,08/19/2015,201
sh,202,202,202,08/19/2015,08/19/2015,202
sh,203,203,203,08/19/2015,08/19/2015,203
sh,204,204,204,08/19/2015,08/19/2015,204
sh,205,205,205,08/19/2015,08/19/2015,205
sh,206,206,206,08/19/2015,08/19/2015,206
sh,207,207,207,08/19/2015,08/19/2015,207
sh,208,208,208,08/19/2015,08/19/2015,208
sh,209,209,209,08/19/2015,08/19/2015,209
sh,210,210,210,08/19/2015,08/19/2015,210
sh,211,211,211,08/19/2015,08/19/2015,211
sh,212,212,212,08/19/2015,08/19/2015,212
sh,213,213,213,08/19/2015,08/19/2015,213
sh,214,214,214,08/19/2015,08/19/2015,214
sh,215,215,215,08/19/2015,08/19/2015,215
sh,216,216,216,08/19/2015,08/19/2015,216
sh,217,217,217,08/19/2015,08/19/2015,217
sh,218,218,218,08/19/2015,08/19/2015,218
sh,219,219,219,08/19/2015,08/19/2015,219
sh,220,220,220,08/19/2015,08/19/2015,220
sh,221,221,221,08/19/2015,08/19/2015,221
sh,222,222,222,08/19/2015,08/19/2015,222
sh,223,223,223,08/19/2015,08/19/2015,223
sh,224,224,224,08/19/2015,08/19/2015,224
sh,225,225,225,08/19/2015,08/19/2015,225
sh,226,226,226,08/19/2015,08/19/2015,226
sh,227,227,227,08/19/2015,08/19/2015,227
sh,228,228,228,08/19/2015,08/19/2015,228
sh,229,229,229,08/19/2015,08/19/2015,229
sh,230,230,230,08/19/2015,08/19/2015,230
sh,231,231,231,08/19/2015,08/19/2015,231
sh,232,232,232,08/19/2015,08/19/2015,232
sh,233,233,233,08/19/2015,08/19/2015,233
sh,234,234,234,08/19/2015,08/19/2015,234
sh,235,235,235,08/19/2015,08/19/2015,235
sh,236,236,236,08/19/2015,08/19/2015,236
sh,237,237,237,08/19/2015,08/19/2015,237
sh,238,238,238,08/19/2015,08/19/2015,238
sh,239,239,239,08/19/2015,08/19/2015,239
sh,240,240,240,08/19/2015,08/19/2015,240
sh,241,241,241,08/19/2015,08/19/2015,241
sh,242,242,242,08/19/2015,08/19/2015,242
sh,243,243,243,08/19/2015,08/19/2015,243
sh,244,244,244,08/19/2015,08/19/2015,244
sh,245,245,245,08/19/2015,08/19/2015,245
sh,246,246,246,08/19/2015,08/19/2015,246
sh,247,247,247,08/19/2015,08/19/2015,247
sh,248,248,248,08/19/2015,08/19/2015,248
sh,249,249,249,08/19/2015,08/19/2015,249
sh,250,250,250,08/19/2015,08/19/2015,250
sh,251,251,251,08/19/2015,08/19/2015,251
sh,252,252,252,08/19/2015,08/19/2015,252
sh,253,253,253,08/19/2015,08/19/2015,253
sh,254,254,254,08/19/2015,08/19/2015,254
sh,255,255,255,08/19/2015,08/19/2015,255
sh,256,256,256,08/19/2015,08/19/2015,256
sh,257,257,257,08/19/2015,08/19/2015,257
sh,258,258,258,08/19/2015,08/19/2015,258
sh,259,259,259,08/19/2015,08/19/2015,259
sh,260,260,260,08/19/2015,08/19/2015,260
sh,261,261,261,08/19/2015,08/19/2015,261
sh,262,262,262,08/19/2015,08/19/2015,262
sh,263,263,263,08/19/2015,08/19/2015,263
sh,264,264,264,08/19/2015,08/19/2015,264
sh,265,265,265,08/19/2015,08/19/2015,265
sh,266,266,266,08/19/2015,08/19/2015,266
sh,267,267,267,08/19/2015,08/19/2015,267
sh,268,268,268,08/19/2015,08/19/2015,268
sh,269,269,269,08/19/2015,08/19/2015,269
sh,270,270,270,08/19/2015,08/19/2015,270
sh,271,271,271,08/19/2015,08/19/2015,271
sh,272,272,272,08/19/2015,08/19/2015,272
sh,273,273,273,08/19/2015,08/19/2015,273
sh,274,274,274,08/19/2015,08/19/2015,274
sh,275,275,275,08/19/2015,08/19/2015,275
sh,276,276,276,08/19/2015,08/19/2015,276
sh,277,277,277,08/19/2015,08/19/2015,277
sh,278,278,278,08/19/2015,08/19/2015,278
sh,279,279,279,08/19/2015,08/19/2015,279
sh,280,280,280,08/19/2015,08/19/2015,280
sh,281,281,281,08/19/2015,08/19/2015,281
sh,282,282,282,08/19/2015,08/19/2015,282
sh,283,283,283,08/19/2015,08/19/2015,283
sh,284,284,284,08/19/2015,08/19/2015,284
sh,285,285,285,08/19/2015,08/19/2015,285
sh,286,286,286,08/19/2015,08/19/2015,286
sh,287,287,287,08/19/2015,08/19/2015,287
sh,288,288,288,08/19/2015,08/19/2015,288
sh,289,289,289,08/19/2015,08/19/2015,289
sh,290,290,290,08/19/2015,08/19/2015,290
sh,291,291,291,08/19/2015,08/19/2015,291
sh,292,292,292,08/19/2015,08/19/2015,292
sh,293,293,293,08/19/2015,08/19/2015,293
sh,294,294,294,08/19/2015,08/19/2015,294
sh,295,295,295,08/19/2015,08/19/2015,295
sh,296,296,296,08/19/2015,08/19/2015,296
sh,297,297,297,08/19/2015,08/19/2015,297
sh,298,298,298,08/19/2015,08/19/2015,298
sh,299,299,299,08/19/2015,08/19/2015,299
sh,300,300,300,08/19/2015,08/19/2015,300
sh,301,301,301,08/19/2015,08/19/2015,301
sh,302,302,302,08/19/2015,08/19/2015,302
sh,303,303,303,08/19/2015,08/19/2015,303
sh,304,304,304,08/19/2015,08/19/2015,304
sh,305,305,305,08/19/2015,08/19/2015,305
sh,306,306,306,08/19/2015,08/19/2015,306
sh,307,307,307,08/19/2015,08/19/2015,307
sh,308,308,308,08/19/2015,08/19/2015,308
sh,309,309,309,08/19/2015,08/19/2015,309
sh,310,310,310,08/19/2015,08/19/2015,310
sh,311,311,311,08/19/2015,08/19/2015,311
sh,312,312,312,08/19/2015,08/19/2015,312
sh,313,313,313,08/19/2015,08/19/2015,313
sh,314,314,314,08/19/2015,08/19/2015,314
sh,315,315,315,08/19/2015,08/19/2015,315
sh,316,316,316,08/19/2015,08/19/2015,316
sh,317,317,317,08/19/2015,08/19/2015,317
sh,318,318,318,08/19/2015,08/19/2015,318
sh,319,319,319,08/19/2015,08/19/2015,319
sh,320,320,320,08/19/2015,08/19/2015,320
sh,321,321,321,08/19/2015,08/19/2015,321
sh,322,322,322,08/19/2015,08/19/2015,322
sh,323,323,323,08/19/2015,08/19/2015,323
sh,324,324,324,08/19/2015,08/19/2015,324
sh,325,325,325,08/19/2015,08/19/2015,325
sh,326,326,326,08/19/2015,08/19/2015,326
sh,327,327,327,08/19/2015,08/19/2015,327
sh,328,328,328,08/19/2015,08/19/2015,328
sh,329,329,329,08/19/2015,08/19/2015,329
sh,330,330,330,08/19/2015,08/19/2015,330
sh,331,331,331,08/19/2015,08/19/2015,331
sh,332,332,332,08/19/2015,08/19/2015,332
sh,333,333,333,08/19/2015,08/19/2015,333
sh,334,334,334,08/19/2015,08/19/2015,334
sh,335,335,335,08/19/2015,08/19/2015,335
sh,336,336,336,08/19/2015,08/19/2015,336
sh,337,337,337,08/19/2015,08/19/2015,337
sh,338,338,338,08/19/2015,08/19/2015,338
sh,339,339,339,08/19/2015,08/19/2015,339
sh,340,340,340,08/19/2015,08/19/2015,340
sh,341,341,341,08/19/2015,08/19/2015,341
sh,342,342,342,08/19/2015,08/19/2015,342
sh,343,343,343,08/19/2015,08/19/2015,343
sh,344,344,344,08/19/2015,08/19/2015,344
sh,345,345,345,08/19/2015,08/19/2015,345
sh,346,346,346,08/19/2015,08/19/2015,346
sh,347,347,347,08/19/2015,08/19/2015,347
sh,348,348,348,08/19/2015,08/19/2015,348
sh,349,349,349,08/19/2015,08/19/2015,349
sh,350,350,350,08/19/2015,08/19/2015,350
sh,351,351,351,08/19/2015,08/19/2015,351
sh,352,352,352,08/19/2015,08/19/2015,352
sh,353,353,353,08/19/2015,08/19/2015,353
sh,354,354,354,08/19/2015,08/19/2015,354
sh,355,355,355,08/19/2015,08/19/2015,355
sh,356,356,356,08/19/2015,08/19/2015,356
sh,357,357,357,08/19/2015,08/19/2015,357
sh,358,358,358,08/19/2015,08/19/2015,358
sh,359,359,359,08/19/2015,08/19/2015,359
sh,360,360,360,08/19/2015,08/19/2015,360
sh,361,361,361,08/19/2015,08/19/2015,361
sh,362,362,362,08/19/2015,08/19/2015,362
sh,363,363,363,08/19/2015,08/19/2015,363
sh,364,364,364,08/19/2015,08/19/2015,364
sh,365,365,365,08/19/2015,08/19/2015,365
sh,366,366,366,08/19/2015,08/19/2015,366
sh,367,367,367,08/19/2015,08/19/2015,367
sh,368,368,368,08/19/2015,08/19/2015,368
sh,369,369,369,08/19/2015,08/19/2015,369
sh,370,370,370,08/19/2015,08/19/2015,370
sh,371,371,371,08/19/2015,08/19/2015,371
sh,372,372,372,08/19/2015,08/19/2015,372
sh,373,373,373,08/19/2015,08/19/2015,373
sh,374,374,374,08/19/2015,08/19/2015,374
sh,375,375,375,08/19/2015,08/19/2015,375
sh,376,376,376,08/19/2015,08/19/2015,376
sh,377,377,377,08/19/2015,08/19/2015,377
sh,378,378,378,08/19/2015,08/19/2015,378
sh,379,379,379,08/19/2015,08/19/2015,379
sh,380,380,380,08/19/2015,08/19/2015,380
sh,381,381,381,08/19/2015,08/19/2015,381
sh,382,382,382,08/19/2015,08/19/2015,382
sh,383,383,383,08/19/2015,08/19/2015,383
sh,384,384,384,08/19/2015,08/19/2015,384
sh,385,385,385,08/19/2015,08/19/2015,385
sh,386,386,386,08/19/2015,08/19/2015,386
sh,387,387,387,08/19/2015,08/19/2015,387
sh,388,388,388,08/19/2015,08/19/2015,388
sh,389,389,389,08/19/2015,08/19/2015,389
sh,390,390,390,08/19/2015,08/19/2015,390
sh,391,391,391,08/19/2015,08/19/2015,391
sh,392,392,392,08/19/2015,08/19/2015,392
sh,393,393,393,08/19/2015,08/19/2015,393
sh,394,394,394,08/19/2015,08/19/2015,394
sh,395,395,395,08/19/2015,08/19/2015,395
sh,396,396,396,08/19/2015,08/19/2015,396
sh,397,397,397,08/19/2015,08/19/2015,397
sh,398,398,398,08/19/2015,08/19/2015,398
sh,399,399,399,08/19/2015,08/19/2015,399
sh,400,400,400,08/19/2015,08/19/2015,400
sh,401,401,401,08/19/2015,08/19/2015,401
sh,402,402,402,08/19/2015,08/19/2015,402
sh,403,403,403,08/19/2015,08/19/2015,403
sh,404,404,404,08/19/2015,08/19/2015,404
sh,405,405,405,08/19/2015,08/19/2015,405
sh,406,406,406,08/19/2015,08/19/2015,406
sh,407,407,407,08/19/2015,08/19/2015,407
sh,408,408,408,08/19/2015,08/19/2015,408
sh,409,409,409,08/19/2015,08/19/2015,409
sh,410,410,410,08/19/2015,08/19/2015,410
sh,411,411,411,08/19/2015,08/19/2015,411
sh,412,412,412,08/19/2015,08/19/2015,412
sh,413,413,413,08/19/2015,08/19/2015,413
sh,414,414,414,08/19/2015,08/19/2015,414
sh,415,415,415,08/19/2015,08/19/2015,415
sh,416,416,416,08/19/2015,08/19/2015,416
sh,417,417,417,08/19/2015,08/19/2015,417
sh,418,418,418,08/19/2015,08/19/2015,418
sh,419,419,419,08/19/2015,08/19/2015,419
sh,420,420,420,08/19/2015,08/19/2015,420
sh,421,421,421,08/19/2015,08/19/2015,421
sh,422,422,422,08/19/2015,08/19/2015,422
sh,423,423,423,08/19/2015,08/19/2015,423
sh,424,424,424,08/19/2015,08/19/2015,424
sh,425,425,425,08/19/2015,08/19/2015,425
sh,426,426,426,08/19/2015,08/19/2015,426
sh,427,427,427,08/19/2015,08/19/2015,427
sh,428,428,428,08/19/2015,08/19/2015,428
sh,429,429,429,08/19/2015,08/19/2015,429
sh,430,430,430,08/19/2015,08/19/2015,430
sh,431,431,431,08/19/2015,08/19/2015,431
sh,432,432,432,08/19/2015,08/19/2015,432
sh,433,433,433,08/19/2015,08/19/2015,433
sh,434,434,434,08/19/2015,08/19/2015,434
sh,435,435,435,08/19/2015,08/19/2015,435
sh,436,436,436,08/19/2015,08/19/2015,436
sh,437,437,437,08/19/2015,08/19/2015,437
sh,438,438,438,08/19/2015,08/19/2015,438
sh,439,439,439,08/19/2015,08/19/2015,439
sh,440,440,440,08/19/2015,08/19/2015,440
sh,441,441,441,08/19/2015,08/19/2015,441
sh,442,442,442,08/19/2015,08/19/2015,442
sh,443,443,443,08/19/2015,08/19/2015,443
sh,444,444,444,08/19/2015,08/19/2015,444
sh,445,445,445,08/19/2015,08/19/2015,445
sh,446,446,446,08/19/2015,08/19/2015,446
sh,447,447,447,08/19/2015,08/19/2015,447
sh,448,448,448,08/19/2015,08/19/2015,448
sh,449,449,449,08/19/2015,08/19/2015,449
sh,450,450,450,08/19/2015,08/19/2015,450
sh,451,451,451,08/19/2015,08/19/2015,451
sh,452,452,452,08/19/2015,08/19/2015,452
sh,453,453,453,08/19/2015,08/19/2015,453
sh,454,454,454,08/19/2015,08/19/2015,454
sh,455,455,455,08/19/2015,08/19/2015,455
sh,456,456,456,08/19/2015,08/19/2015,456
sh,457,457,457,08/19/2015,08/19/2015,457
sh,458,458,458,08/19/2015,08/19/2015,458
sh,459,459,459,08/19/2015,08/19/2015,459
sh,460,460,460,08/19/2015,08/19/2015,460
sh,461,461,461,08/19/2015,08/19/2015,461
sh,462,462,462,08/19/2015,08/19/2015,462
sh,463,463,463,08/19/2015,08/19/2015,463
sh,464,464,464,08/19/2015,08/19/2015,464
sh,465,465,465,08/19/2015,08/19/2015,465
sh,466,466,466,08/19/2015,08/19/2015,466
sh,467,467,467,08/19/2015,08/19/2015,467
sh,468,468,468,08/19/2015,08/19/2015,468
sh,469,469,469,08/19/2015,08/19/2015,469
sh,470,470,470,08/19/2015,08/19/2015,470
sh,471,471,471,08/19/2015,08/19/2015,471
sh,472,472,472,08/19/2015,08/19/2015,472
sh,473,473,473,08/19/2015,08/19/2015,473
sh,474,474,474,08/19/2015,08/19/2015,474
sh,475,475,475,08/19/2015,08/19/2015,475
sh,476,476,476,08/19/2015,08/19/2015,476
sh,477,477,477,08/19/2015,08/19/2015,477
sh,478,478,478,08/19/2015,08/19/2015,478
sh,479,479,479,08/19/2015,08/19/2015,479
sh,480,480,480,08/19/2015,08/19/2015,480
sh,481,481,481,08/19/2015,08/19/2015,481
sh,482,482,482,08/19/2015,08/19/2015,482
sh,483,483,483,08/19/2015,08/19/2015,483
sh,484,484,484,08/19/2015,08/19/2015,484
sh,485,485,485,08/19/2015,08/19/2015,485
sh,486,486,486,08/19/2015,08/19/2015,486
sh,487,487,487,08/19/2015,08/19/2015,487
sh,488,488,488,08/19/2015,08/19/2015,488
sh,489,489,489,08/19/2015,08/19/2015,489
sh,490,490,490,08/19/2015,08/19/2015,490
sh,491,491,491,08/19/2015,08/19/2015,491
sh,492,492,492,08/19/2015,08/19/2015,492
sh,493,493,493,08/19/2015,08/19/2015,493
sh,494,494,494,08/19/2015,08/19/2015,494
sh,495,495,495,08/19/2015,08/19/2015,495
sh,496,496,496,08/19/2015,08/19/2015,496
sh,497,497,497,08/19/2015,08/19/2015,497
sh,498,498,498,08/19/2015,08/19/2015,498
sh,499,499,499,08/19/2015,08/19/2015,499
sh,500,500,500,08/19/2015,08/19/2015,500
sh,501,501,501,08/19/2015,08/19/2015,501
sh,502,502,502,08/19/2015,08/19/2015,502
sh,503,503,503,08/19/2015,08/19/2015,503
sh,504,504,504,08/19/2015,08/19/2015,504
sh,505,505,505,08/19/2015,08/19/2015,505
sh,506,506,506,08/19/2015,08/19/2015,506
sh,507,507,507,08/19/2015,08/19/2015,507
sh,508,508,508,08/19/2015,08/19/2015,508
sh,509,509,509,08/19/2015,08/19/2015,509
sh,510,510,510,08/19/2015,08/19/2015,510
sh,511,511,511,08/19/2015,08/19/2015,511
sh,512,512,512,08/19/2015,08/19/2015,512
sh,513,513,513,08/19/2015,08/19/2015,513
sh,514,514,514,08/19/2015,08/19/2015,514
sh,515,515,515,08/19/2015,08/19/2015,515
sh,516,516,516,08/19/2015,08/19/2015,516
sh,517,517,517,08/19/2015,08/19/2015,517
sh,518,518,518,08/19/2015,08/19/2015,518
sh,519,519,519,08/19/2015,08/19/2015,519
sh,520,520,520,08/19/2015,08/19/2015,520
sh,521,521,521,08/19/2015,08/19/2015,521
sh,522,522,522,08/19/2015,08/19/2015,522
sh,523,523,523,08/19/2015,08/19/2015,523
sh,524,524,524,08/19/2015,08/19/2015,524
sh,525,525,525,08/19/2015,08/19/2015,525
sh,526,526,526,08/19/2015,08/19/2015,526
sh,527,527,527,08/19/2015,08/19/2015,527
sh,528,528,528,08/19/2015,08/19/2015,528
sh,529,529,529,08/19/2015,08/19/2015,529
sh,530,530,530,08/19/2015,08/19/2015,530
sh,531,531,531,08/19/2015,08/19/2015,531
sh,532,532,532,08/19/2015,08/19/2015,532
sh,533,533,533,08/19/2015,08/19/2015,533
sh,534,534,534,08/19/2015,08/19/2015,534
sh,535,535,535,08/19/2015,08/19/2015,535
sh,536,536,536,08/19/2015,08/19/2015,536
sh,537,537,537,08/19/2015,08/19/2015,537
sh,538,538,538,08/19/2015,08/19/2015,538
sh,539,539,539,08/19/2015,08/19/2015,539
sh,540,540,540,08/19/2015,08/19/2015,540
sh,541,541,541,08/19/2015,08/19/2015,541
sh,542,542,542,08/19/2015,08/19/2015,542
sh,543,543,543,08/19/2015,08/19/2015,543
sh,544,544,544,08/19/2015,08/19/2015,544
sh,545,545,545,08/19/2015,08/19/2015,545
sh,546,546,546,08/19/2015,08/19/2015,546
sh,547,547,547,08/19/2015,08/19/2015,547
sh,548,548,548,08/19/2015,08/19/2015,548
sh,549,549,549,08/19/2015,08/19/2015,549
sh,550,550,550,08/19/2015,08/19/2015,550
sh,551,551,551,08/19/2015,08/19/2015,551
sh,552,552,552,08/19/2015,08/19/2015,552
sh,553,553,553,08/19/2015,08/19/2015,553
sh,554,554,554,08/19/2015,08/19/2015,554
sh,555,555,555,08/19/2015,08/19/2015,555
sh,556,556,556,08/19/2015,08/19/2015,556
sh,557,557,557,08/19/2015,08/19/2015,557
sh,558,558,558,08/19/2015,08/19/2015,558
sh,559,559,559,08/19/2015,08/19/2015,559
sh,560,560,560,08/19/2015,08/19/2015,560
sh,561,561,561,08/19/2015,08/19/2015,561
sh,562,562,562,08/19/2015,08/19/2015,562
sh,563,563,563,08/19/2015,08/19/2015,563
sh,564,564,564,08/19/2015,08/19/2015,564
sh,565,565,565,08/19/2015,08/19/2015,565
sh,566,566,566,08/19/2015,08/19/2015,566
sh,567,567,567,08/19/2015,08/19/2015,567
sh,568,568,568,08/19/2015,08/19/2015,568
sh,569,569,569,08/19/2015,08/19/2015,569
sh,570,570,570,08/19/2015,08/19/2015,570
sh,571,571,571,08/19/2015,08/19/2015,571
sh,572,572,572,08/19/2015,08/19/2015,572
sh,573,573,573,08/19/2015,08/19/2015,573
sh,574,574,574,08/19/2015,08/19/2015,574
sh,575,575,575,08/19/2015,08/19/2015,575
sh,576,576,576,08/19/2015,08/19/2015,576
sh,577,577,577,08/19/2015,08/19/2015,577
sh,578,578,578,08/19/2015,08/19/2015,578
sh,579,579,579,08/19/2015,08/19/2015,579
sh,580,580,580,08/19/2015,08/19/2015,580
sh,581,581,581,08/19/2015,08/19/2015,581
sh,582,582,582,08/19/2015,08/19/2015,582
sh,583,583,583,08/19/2015,08/19/2015,583
sh,584,584,584,08/19/2015,08/19/2015,584
sh,585,585,585,08/19/2015,08/19/2015,585
sh,586,586,586,08/19/2015,08/19/2015,586
sh,587,587,587,08/19/2015,08/19/2015,587
sh,588,588,588,08/19/2015,08/19/2015,588
sh,589,589,589,08/19/2015,08/19/2015,589
sh,590,590,590,08/19/2015,08/19/2015,590
sh,591,591,591,08/19/2015,08/19/2015,591
sh,592,592,592,08/19/2015,08/19/2015,592
sh,593,593,593,08/19/2015,08/19/2015,593
sh,594,594,594,08/19/2015,08/19/2015,594
sh,595,595,595,08/19/2015,08/19/2015,595
sh,596,596,596,08/19/2015,08/19/2015,596
sh,597,597,597,08/19/2015,08/19/2015,597
sh,598,598,598,08/19/2015,08/19/2015,598
sh,599,599,599,08/19/2015,08/19/2015,599
sh,600,600,600,08/19/2015,08/19/2015,600
sh,601,601,601,08/19/2015,08/19/2015,601
sh,602,602,602,08/19/2015,08/19/2015,602
sh,603,603,603,08/19/2015,08/19/2015,603
sh,604,604,604,08/19/2015,08/19/2015,604
sh,605,605,605,08/19/2015,08/19/2015,605
sh,606,606,606,08/19/2015,08/19/2015,606
sh,607,607,607,08/19/2015,08/19/2015,607
sh,608,608,608,08/19/2015,08/19/2015,608
sh,609,609,609,08/19/2015,08/19/2015,609
sh,610,610,610,08/19/2015,08/19/2015,610
sh,611,611,611,08/19/2015,08/19/2015,611
sh,612,612,612,08/19/2015,08/19/2015,612
sh,613,613,613,08/19/2015,08/19/2015,613
sh,614,614,614,08/19/2015,08/19/2015,614
sh,615,615,615,08/19/2015,08/19/2015,615
sh,616,616,616,08/19/2015,08/19/2015,616
sh,617,617,617,08/19/2015,08/19/2015,617
sh,618,618,618,08/19/2015,08/19/2015,618
sh,619,619,619,08/19/2015,08/19/2015,619
sh,620,620,620,08/19/2015,08/19/2015,620
sh,621,621,621,08/19/2015,08/19/2015,621
sh,622,622,622,08/19/2015,08/19/2015,622
sh,623,623,623,08/19/2015,08/19/2015,623
sh,624,624,624,08/19/2015,08/19/2015,624
sh,625,625,625,08/19/2015,08/19/2015,625
sh,626,626,626,08/19/2015,08/19/2015,626
sh,627,627,627,08/19/2015,08/19/2015,627
sh,628,628,628,08/19/2015,08/19/2015,628
sh,629,629,629,08/19/2015,08/19/2015,629
sh,630,630,630,08/19/2015,08/19/2015,630
sh,631,631,631,08/19/2015,08/19/2015,631
sh,632,632,632,08/19/2015,08/19/2015,632
sh,633,633,633,08/19/2015,08/19/2015,633
sh,634,634,634,08/19/2015,08/19/2015,634
sh,635,635,635,08/19/2015,08/19/2015,635
sh,636,636,636,08/19/2015,08/19/2015,636
sh,637,637,637,08/19/2015,08/19/2015,637
sh,638,638,638,08/19/2015,08/19/2015,638
sh,639,639,639,08/19/2015,08/19/2015,639
sh,640,640,640,08/19/2015,08/19/2015,640
sh,641,641,641,08/19/2015,08/19/2015,641
sh,642,642,642,08/19/2015,08/19/2015,642
sh,643,643,643,08/19/2015,08/19/2015,643
sh,644,644,644,08/19/2015,08/19/2015,644
sh,645,645,645,08/19/2015,08/19/2015,645
sh,646,646,646,08/19/2015,08/19/2015,646
sh,647,647,647,08/19/2015,08/19/2015,647
sh,648,648,648,08/19/2015,08/19/2015,648
sh,649,649,649,08/19/2015,08/19/2015,649
sh,650,650,650,08/19/2015,08/19/2015,650
sh,651,651,651,08/19/2015,08/19/2015,651
sh,652,652,652,08/19/2015,08/19/2015,652
sh,653,653,653,08/19/2015,08/19/2015,653
sh,654,654,654,08/19/2015,08/19/2015,654
sh,655,655,655,08/19/2015,08/19/2015,655
sh,656,656,656,08/19/2015,08/19/2015,656
sh,657,657,657,08/19/2015,08/19/2015,657
sh,658,658,658,08/19/2015,08/19/2015,658
sh,659,659,659,08/19/2015,08/19/2015,659
sh,660,660,660,08/19/2015,08/19/2015,660
sh,661,661,661,08/19/2015,08/19/2015,661
sh,662,662,662,08/19/2015,08/19/2015,662
sh,663,663,663,08/19/2015,08/19/2015,663
sh,664,664,664,08/19/2015,08/19/2015,664
sh,665,665,665,08/19/2015,08/19/2015,665
sh,666,666,666,08/19/2015,08/19/2015,666
sh,667,667,667,08/19/2015,08/19/2015,667
sh,668,668,668,08/19/2015,08/19/2015,668
sh,669,669,669,08/19/2015,08/19/2015,669
sh,670,670,670,08/19/2015,08/19/2015,670
sh,671,671,671,08/19/2015,08/19/2015,671
sh,672,672,672,08/19/2015,08/19/2015,672
sh,673,673,673,08/19/2015,08/19/2015,673
sh,674,674,674,08/19/2015,08/19/2015,674
sh,675,675,675,08/19/2015,08/19/2015,675
sh,676,676,676,08/19/2015,08/19/2015,676
sh,677,677,677,08/19/2015,08/19/2015,677
sh,678,678,678,08/19/2015,08/19/2015,678
sh,679,679,679,08/19/2015,08/19/2015,679
sh,680,680,680,08/19/2015,08/19/2015,680
sh,681,681,681,08/19/2015,08/19/2015,681
sh,682,682,682,08/19/2015,08/19/2015,682
sh,683,683,683,08/19/2015,08/19/2015,683
sh,684,684,684,08/19/2015,08/19/2015,684
sh,685,685,685,08/19/2015,08/19/2015,685
sh,686,686,686,08/19/2015,08/19/2015,686
sh,687,687,687,08/19/2015,08/19/2015,687
sh,688,688,688,08/19/2015,08/19/2015,688
sh,689,689,689,08/19/2015,08/19/2015,689
sh,690,690,690,08/19/2015,08/19/2015,690
sh,691,691,691,08/19/2015,08/19/2015,691
sh,692,692,692,08/19/2015,08/19/2015,692
sh,693,693,693,08/19/2015,08/19/2015,693
sh,694,694,694,08/19/2015,08/19/2015,694
sh,695,695,695,08/19/2015,08/19/2015,695
sh,696,696,696,08/19/2015,08/19/2015,696
sh,697,697,697,08/19/2015,08/19/2015,697
sh,698,698,698,08/19/2015,08/19/2015,698
sh,699,699,699,08/19/2015,08/19/2015,699
sh,700,700,700,08/19/2015,08/19/2015,700
sh,701,701,701,08/19/2015,08/19/2015,701
sh,702,702,702,08/19/2015,08/19/2015,702
sh,703,703,703,08/19/2015,08/19/2015,703
sh,704,704,704,08/19/2015,08/19/2015,704
sh,705,705,705,08/19/2015,08/19/2015,705
sh,706,706,706,08/19/2015,08/19/2015,706
sh,707,707,707,08/19/2015,08/19/2015,707
sh,708,708,708,08/19/2015,08/19/2015,708
sh,709,709,709,08/19/2015,08/19/2015,709
sh,710,710,710,08/19/2015,08/19/2015,710
sh,711,711,711,08/19/2015,08/19/2015,711
sh,712,712,712,08/19/2015,08/19/2015,712
sh,713,713,713,08/19/2015,08/19/2015,713
sh,714,714,714,08/19/2015,08/19/2015,714
sh,715,715,715,08/19/2015,08/19/2015,715
sh,716,716,716,08/19/2015,08/19/2015,716
sh,717,717,717,08/19/2015,08/19/2015,717
sh,718,718,718,08/19/2015,08/19/2015,718
sh,719,719,719,08/19/2015,08/19/2015,719
sh,720,720,720,08/19/2015,08/19/2015,720
sh,721,721,721,08/19/2015,08/19/2015,721
sh,722,722,722,08/19/2015,08/19/2015,722
sh,723,723,723,08/19/2015,08/19/2015,723
sh,724,724,724,08/19/2015,08/19/2015,724
sh,725,725,725,08/19/2015,08/19/2015,725
sh,726,726,726,08/19/2015,08/19/2015,726
sh,727,727,727,08/19/2015,08/19/2015,727
sh,728,728,728,08/19/2015,08/19/2015,728
sh,729,729,729,08/19/2015,08/19/2015,729
sh,730,730,730,08/19/2015,08/19/2015,730
sh,731,731,731,08/19/2015,08/19/2015,731
sh,732,732,732,08/19/2015,08/19/2015,732
sh,733,733,733,08/19/2015,08/19/2015,733
sh,734,734,734,08/19/2015,08/19/2015,734
sh,735,735,735,08/19/2015,08/19/2015,735
sh,736,736,736,08/19/2015,08/19/2015,736
sh,737,737,737,08/19/2015,08/19/2015,737
sh,738,738,738,08/19/2015,08/19/2015,738
sh,739,739,739,08/19/2015,08/19/2015,739
sh,740,740,740,08/19/2015,08/19/2015,740
sh,741,741,741,08/19/2015,08/19/2015,741
sh,742,742,742,08/19/2015,08/19/2015,742
sh,743,743,743,08/19/2015,08/19/2015,743
sh,744,744,744,08/19/2015,08/19/2015,744
sh,745,745,745,08/19/2015,08/19/2015,745
sh,746,746,746,08/19/2015,08/19/2015,746
sh,747,747,747,08/19/2015,08/19/2015,747
sh,748,748,748,08/19/2015,08/19/2015,748
sh,749,749,749,08/19/2015,08/19/2015,749
sh,750,750,750,08/19/2015,08/19/2015,750
sh,751,751,751,08/19/2015,08/19/2015,751
sh,752,752,752,08/19/2015,08/19/2015,752
sh,753,753,753,08/19/2015,08/19/2015,753
sh,754,754,754,08/19/2015,08/19/2015,754
sh,755,755,755,08/19/2015,08/19/2015,755
sh,756,756,756,08/19/2015,08/19/2015,756
sh,757,757,757,08/19/2015,08/19/2015,757
sh,758,758,758,08/19/2015,08/19/2015,758
sh,759,759,759,08/19/2015,08/19/2015,759
sh,760,760,760,08/19/2015,08/19/2015,760
sh,761,761,761,08/19/2015,08/19/2015,761
sh,762,762,762,08/19/2015,08/19/2015,762
sh,763,763,763,08/19/2015,08/19/2015,763
sh,764,764,764,08/19/2015,08/19/2015,764
sh,765,765,765,08/19/2015,08/19/2015,765
sh,766,766,766,08/19/2015,08/19/2015,766
sh,767,767,767,08/19/2015,08/19/2015,767
sh,768,768,768,08/19/2015,08/19/2015,768
sh,769,769,769,08/19/2015,08/19/2015,769
sh,770,770,770,08/19/2015,08/19/2015,770
sh,771,771,771,08/19/2015,08/19/2015,771
sh,772,772,772,08/19/2015,08/19/2015,772
sh,773,773,773,08/19/2015,08/19/2015,773
sh,774,774,774,08/19/2015,08/19/2015,774
sh,775,775,775,08/19/2015,08/19/2015,775
sh,776,776,776,08/19/2015,08/19/2015,776
sh,777,777,777,08/19/2015,08/19/2015,777
sh,778,778,778,08/19/2015,08/19/2015,778
sh,779,779,779,08/19/2015,08/19/2015,779
sh,780,780,780,08/19/2015,08/19/2015,780
sh,781,781,781,08/19/2015,08/19/2015,781
sh,782,782,782,08/19/2015,08/19/2015,782
sh,783,783,783,08/19/2015,08/19/2015,783
sh,784,784,784,08/19/2015,08/19/2015,784
sh,785,785,785,08/19/2015,08/19/2015,785
sh,786,786,786,08/19/2015,08/19/2015,786
sh,787,787,787,08/19/2015,08/19/2015,787
sh,788,788,788,08/19/2015,08/19/2015,788
sh,789,789,789,08/19/2015,08/19/2015,789
sh,790,790,790,08/19/2015,08/19/2015,790
sh,791,791,791,08/19/2015,08/19/2015,791
sh,792,792,792,08/19/2015,08/19/2015,792
sh,793,793,793,08/19/2015,08/19/2015,793
sh,794,794,794,08/19/2015,08/19/2015,794
sh,795,795,795,08/19/2015,08/19/2015,795
sh,796,796,796,08/19/2015,08/19/2015,796
sh,797,797,797,08/19/2015,08/19/2015,797
sh,798,798,798,08/19/2015,08/19/2015,798
sh,799,799,799,08/19/2015,08/19/2015,799
sh,800,800,800,08/19/2015,08/19/2015,800
sh,801,801,801,08/19/2015,08/19/2015,801
sh,802,802,802,08/19/2015,08/19/2015,802
sh,803,803,803,08/19/2015,08/19/2015,803
sh,804,804,804,08/19/2015,08/19/2015,804
sh,805,805,805,08/19/2015,08/19/2015,805
sh,806,806,806,08/19/2015,08/19/2015,806
sh,807,807,807,08/19/2015,08/19/2015,807
sh,808,808,808,08/19/2015,08/19/2015,808
sh,809,809,809,08/19/2015,08/19/2015,809
sh,810,810,810,08/19/2015,08/19/2015,810
sh,811,811,811,08/19/2015,08/19/2015,811
sh,812,812,812,08/19/2015,08/19/2015,812
sh,813,813,813,08/19/2015,08/19/2015,813
sh,814,814,814,08/19/2015,08/19/2015,814
sh,815,815,815,08/19/2015,08/19/2015,815
sh,816,816,816,08/19/2015,08/19/2015,816
sh,817,817,817,08/19/2015,08/19/2015,817
sh,818,818,818,08/19/2015,08/19/2015,818
sh,819,819,819,08/19/2015,08/19/2015,819
sh,820,820,820,08/19/2015,08/19/2015,820
sh,821,821,821,08/19/2015,08/19/2015,821
sh,822,822,822,08/19/2015,08/19/2015,822
sh,823,823,823,08/19/2015,08/19/2015,823
sh,824,824,824,08/19/2015,08/19/2015,824
sh,825,825,825,08/19/2015,08/19/2015,825
sh,826,826,826,08/19/2015,08/19/2015,826
sh,827,827,827,08/19/2015,08/19/2015,827
sh,828,828,828,08/19/2015,08/19/2015,828
sh,829,829,829,08/19/2015,08/19/2015,829
sh,830,830,830,08/19/2015,08/19/2015,830
sh,831,831,831,08/19/2015,08/19/2015,831
sh,832,832,832,08/19/2015,08/19/2015,832
sh,833,833,833,08/19/2015,08/19/2015,833
sh,834,834,834,08/19/2015,08/19/2015,834
sh,835,835,835,08/19/2015,08/19/2015,835
sh,836,836,836,08/19/2015,08/19/2015,836
sh,837,837,837,08/19/2015,08/19/2015,837
sh,838,838,838,08/19/2015,08/19/2015,838
sh,839,839,839,08/19/2015,08/19/2015,839
sh,840,840,840,08/19/2015,08/19/2015,840
sh,841,841,841,08/19/2015,08/19/2015,841
sh,842,842,842,08/19/2015,08/19/2015,842
sh,843,843,843,08/19/2015,08/19/2015,843
sh,844,844,844,08/19/2015,08/19/2015,844
sh,845,845,845,08/19/2015,08/19/2015,845
sh,846,846,846,08/19/2015,08/19/2015,846
sh,847,847,847,08/19/2015,08/19/2015,847
sh,848,848,848,08/19/2015,08/19/2015,848
sh,849,849,849,08/19/2015,08/19/2015,849
sh,850,850,850,08/19/2015,08/19/2015,850
sh,851,851,851,08/19/2015,08/19/2015,851
sh,852,852,852,08/19/2015,08/19/2015,852
sh,853,853,853,08/19/2015,08/19/2015,853
sh,854,854,854,08/19/2015,08/19/2015,854
sh,855,855,855,08/19/2015,08/19/2015,855
sh,856,856,856,08/19/2015,08/19/2015,856
sh,857,857,857,08/19/2015,08/19/2015,857
sh,858,858,858,08/19/2015,08/19/2015,858
sh,859,859,859,08/19/2015,08/19/2015,859
sh,860,860,860,08/19/2015,08/19/2015,860
sh,861,861,861,08/19/2015,08/19/2015,861
sh,862,862,862,08/19/2015,08/19/2015,862
sh,863,863,863,08/19/2015,08/19/2015,863
sh,864,864,864,08/19/2015,08/19/2015,864
sh,865,865,865,08/19/2015,08/19/2015,865
sh,866,866,866,08/19/2015,08/19/2015,866
sh,867,867,867,08/19/2015,08/19/2015,867
sh,868,868,868,08/19/2015,08/19/2015,868
sh,869,869,869,08/19/2015,08/19/2015,869
sh,870,870,870,08/19/2015,08/19/2015,870
sh,871,871,871,08/19/2015,08/19/2015,871
sh,872,872,872,08/19/2015,08/19/2015,872
sh,873,873,873,08/19/2015,08/19/2015,873
sh,874,874,874,08/19/2015,08/19/2015,874
sh,875,875,875,08/19/2015,08/19/2015,875
sh,876,876,876,08/19/2015,08/19/2015,876
sh,877,877,877,08/19/2015,08/19/2015,877
sh,878,878,878,08/19/2015,08/19/2015,878
