CONTRACT,N_TRANSPORT_ORDER_NO,N_TRANSPORT_TYPE,N_TRANSPORT_DATE
sh,1,1,08/19/2015
sh,2,1,08/19/2015
sh,3,1,08/19/2015
sh,4,1,08/19/2015
sh,5,1,08/19/2015
sh,6,1,08/19/2015
sh,7,1,08/19/2015
sh,8,1,08/19/2015
sh,9,1,08/19/2015
sh,10,1,08/19/2015
sh,11,1,08/19/2015
sh,12,1,08/19/2015
sh,13,1,08/19/2015
sh,14,1,08/19/2015
sh,15,1,08/19/2015
sh,16,1,08/19/2015
sh,17,1,08/19/2015
sh,18,1,08/19/2015
sh,19,1,08/19/2015
sh,20,1,08/19/2015
sh,21,1,08/19/2015
sh,22,1,08/19/2015
sh,23,1,08/19/2015
sh,24,1,08/19/2015
sh,25,1,08/19/2015
sh,26,1,08/19/2015
sh,27,1,08/19/2015
sh,28,1,08/19/2015
sh,29,1,08/19/2015
sh,30,1,08/19/2015
sh,31,1,08/19/2015
sh,32,1,08/19/2015
sh,33,1,08/19/2015
sh,34,1,08/19/2015
sh,35,1,08/19/2015
sh,36,1,08/19/2015
sh,37,1,08/19/2015
sh,38,1,08/19/2015
sh,39,1,08/19/2015
sh,40,1,08/19/2015
sh,41,1,08/19/2015
sh,42,1,08/19/2015
sh,43,1,08/19/2015
sh,44,1,08/19/2015
sh,45,1,08/19/2015
sh,46,1,08/19/2015
sh,47,1,08/19/2015
sh,48,1,08/19/2015
sh,49,1,08/19/2015
sh,50,1,08/19/2015
sh,51,1,08/19/2015
sh,52,1,08/19/2015
sh,53,1,08/19/2015
sh,54,1,08/19/2015
sh,55,1,08/19/2015
sh,56,1,08/19/2015
sh,57,1,08/19/2015
sh,58,1,08/19/2015
sh,59,1,08/19/2015
sh,60,1,08/19/2015
sh,61,1,08/19/2015
sh,62,1,08/19/2015
sh,63,1,08/19/2015
sh,64,1,08/19/2015
sh,65,1,08/19/2015
sh,66,1,08/19/2015
sh,67,1,08/19/2015
sh,68,1,08/19/2015
sh,69,1,08/19/2015
sh,70,1,08/19/2015
sh,71,1,08/19/2015
sh,72,1,08/19/2015
sh,73,1,08/19/2015
sh,74,1,08/19/2015
sh,75,1,08/19/2015
sh,76,1,08/19/2015
sh,77,1,08/19/2015
sh,78,1,08/19/2015
sh,79,1,08/19/2015
sh,80,1,08/19/2015
sh,81,1,08/19/2015
sh,82,1,08/19/2015
sh,83,1,08/19/2015
sh,84,1,08/19/2015
sh,85,1,08/19/2015
sh,86,1,08/19/2015
sh,87,1,08/19/2015
sh,88,1,08/19/2015
sh,89,1,08/19/2015
sh,90,1,08/19/2015
sh,91,1,08/19/2015
sh,92,1,08/19/2015
sh,93,1,08/19/2015
sh,94,1,08/19/2015
sh,95,1,08/19/2015
sh,96,1,08/19/2015
sh,97,1,08/19/2015
sh,98,1,08/19/2015
sh,99,1,08/19/2015
sh,100,1,08/19/2015
sh,101,1,08/19/2015
sh,102,1,08/19/2015
sh,103,1,08/19/2015
sh,104,1,08/19/2015
sh,105,1,08/19/2015
sh,106,1,08/19/2015
sh,107,1,08/19/2015
sh,108,1,08/19/2015
sh,109,1,08/19/2015
sh,110,1,08/19/2015
sh,111,1,08/19/2015
sh,112,1,08/19/2015
sh,113,1,08/19/2015
sh,114,1,08/19/2015
sh,115,1,08/19/2015
sh,116,1,08/19/2015
sh,117,1,08/19/2015
sh,118,1,08/19/2015
sh,119,1,08/19/2015
sh,120,1,08/19/2015
sh,121,1,08/19/2015
sh,122,1,08/19/2015
sh,123,1,08/19/2015
sh,124,1,08/19/2015
sh,125,1,08/19/2015
sh,126,1,08/19/2015
sh,127,1,08/19/2015
sh,128,1,08/19/2015
sh,129,1,08/19/2015
sh,130,1,08/19/2015
sh,131,1,08/19/2015
sh,132,1,08/19/2015
sh,133,1,08/19/2015
sh,134,1,08/19/2015
sh,135,1,08/19/2015
sh,136,1,08/19/2015
sh,137,1,08/19/2015
sh,138,1,08/19/2015
sh,139,1,08/19/2015
sh,140,1,08/19/2015
sh,141,1,08/19/2015
sh,142,1,08/19/2015
sh,143,1,08/19/2015
sh,144,1,08/19/2015
sh,145,1,08/19/2015
sh,146,1,08/19/2015
sh,147,1,08/19/2015
sh,148,1,08/19/2015
sh,149,1,08/19/2015
sh,150,1,08/19/2015
sh,151,1,08/19/2015
sh,152,1,08/19/2015
sh,153,1,08/19/2015
sh,154,1,08/19/2015
sh,155,1,08/19/2015
sh,156,1,08/19/2015
sh,157,1,08/19/2015
sh,158,1,08/19/2015
sh,159,1,08/19/2015
sh,160,1,08/19/2015
sh,161,1,08/19/2015
sh,162,1,08/19/2015
sh,163,1,08/19/2015
sh,164,1,08/19/2015
sh,165,1,08/19/2015
sh,166,1,08/19/2015
sh,167,1,08/19/2015
sh,168,1,08/19/2015
sh,169,1,08/19/2015
sh,170,1,08/19/2015
sh,171,1,08/19/2015
sh,172,1,08/19/2015
sh,173,1,08/19/2015
sh,174,1,08/19/2015
sh,175,1,08/19/2015
sh,176,1,08/19/2015
sh,177,1,08/19/2015
sh,178,1,08/19/2015
sh,179,1,08/19/2015
sh,180,1,08/19/2015
sh,181,1,08/19/2015
sh,182,1,08/19/2015
sh,183,1,08/19/2015
sh,184,1,08/19/2015
sh,185,1,08/19/2015
sh,186,1,08/19/2015
sh,187,1,08/19/2015
sh,188,1,08/19/2015
sh,189,1,08/19/2015
sh,190,1,08/19/2015
sh,191,1,08/19/2015
sh,192,1,08/19/2015
sh,193,1,08/19/2015
sh,194,1,08/19/2015
sh,195,1,08/19/2015
sh,196,1,08/19/2015
sh,197,1,08/19/2015
sh,198,1,08/19/2015
sh,199,1,08/19/2015
sh,200,1,08/19/2015
sh,201,1,08/19/2015
sh,202,1,08/19/2015
sh,203,1,08/19/2015
sh,204,1,08/19/2015
sh,205,1,08/19/2015
sh,206,1,08/19/2015
sh,207,1,08/19/2015
sh,208,1,08/19/2015
sh,209,1,08/19/2015
sh,210,1,08/19/2015
sh,211,1,08/19/2015
sh,212,1,08/19/2015
sh,213,1,08/19/2015
sh,214,1,08/19/2015
sh,215,1,08/19/2015
sh,216,1,08/19/2015
sh,217,1,08/19/2015
sh,218,1,08/19/2015
sh,219,1,08/19/2015
sh,220,1,08/19/2015
sh,221,1,08/19/2015
sh,222,1,08/19/2015
sh,223,1,08/19/2015
sh,224,1,08/19/2015
sh,225,1,08/19/2015
sh,226,1,08/19/2015
sh,227,1,08/19/2015
sh,228,1,08/19/2015
sh,229,1,08/19/2015
sh,230,1,08/19/2015
sh,231,1,08/19/2015
sh,232,1,08/19/2015
sh,233,1,08/19/2015
sh,234,1,08/19/2015
sh,235,1,08/19/2015
sh,236,1,08/19/2015
sh,237,1,08/19/2015
sh,238,1,08/19/2015
sh,239,1,08/19/2015
sh,240,1,08/19/2015
sh,241,1,08/19/2015
sh,242,1,08/19/2015
sh,243,1,08/19/2015
sh,244,1,08/19/2015
sh,245,1,08/19/2015
sh,246,1,08/19/2015
sh,247,1,08/19/2015
sh,248,1,08/19/2015
sh,249,1,08/19/2015
sh,250,1,08/19/2015
sh,251,1,08/19/2015
sh,252,1,08/19/2015
sh,253,1,08/19/2015
sh,254,1,08/19/2015
sh,255,1,08/19/2015
sh,256,1,08/19/2015
sh,257,1,08/19/2015
sh,258,1,08/19/2015
sh,259,1,08/19/2015
sh,260,1,08/19/2015
sh,261,1,08/19/2015
sh,262,1,08/19/2015
sh,263,1,08/19/2015
sh,264,1,08/19/2015
sh,265,1,08/19/2015
sh,266,1,08/19/2015
sh,267,1,08/19/2015
sh,268,1,08/19/2015
sh,269,1,08/19/2015
sh,270,1,08/19/2015
sh,271,1,08/19/2015
sh,272,1,08/19/2015
sh,273,1,08/19/2015
sh,274,1,08/19/2015
sh,275,1,08/19/2015
sh,276,1,08/19/2015
sh,277,1,08/19/2015
sh,278,1,08/19/2015
sh,279,1,08/19/2015
sh,280,1,08/19/2015
sh,281,1,08/19/2015
sh,282,1,08/19/2015
sh,283,1,08/19/2015
sh,284,1,08/19/2015
sh,285,1,08/19/2015
sh,286,1,08/19/2015
sh,287,1,08/19/2015
sh,288,1,08/19/2015
sh,289,1,08/19/2015
sh,290,1,08/19/2015
sh,291,1,08/19/2015
sh,292,1,08/19/2015
sh,293,1,08/19/2015
sh,294,1,08/19/2015
sh,295,1,08/19/2015
sh,296,1,08/19/2015
sh,297,1,08/19/2015
sh,298,1,08/19/2015
sh,299,1,08/19/2015
sh,300,1,08/19/2015
sh,301,1,08/19/2015
sh,302,1,08/19/2015
sh,303,1,08/19/2015
sh,304,1,08/19/2015
sh,305,1,08/19/2015
sh,306,1,08/19/2015
sh,307,1,08/19/2015
sh,308,1,08/19/2015
sh,309,1,08/19/2015
sh,310,1,08/19/2015
sh,311,1,08/19/2015
sh,312,1,08/19/2015
sh,313,1,08/19/2015
sh,314,1,08/19/2015
sh,315,1,08/19/2015
sh,316,1,08/19/2015
sh,317,1,08/19/2015
sh,318,1,08/19/2015
sh,319,1,08/19/2015
sh,320,1,08/19/2015
sh,321,1,08/19/2015
sh,322,1,08/19/2015
sh,323,1,08/19/2015
sh,324,1,08/19/2015
sh,325,1,08/19/2015
sh,326,1,08/19/2015
sh,327,1,08/19/2015
sh,328,1,08/19/2015
sh,329,1,08/19/2015
sh,330,1,08/19/2015
sh,331,1,08/19/2015
sh,332,1,08/19/2015
sh,333,1,08/19/2015
sh,334,1,08/19/2015
sh,335,1,08/19/2015
sh,336,1,08/19/2015
sh,337,1,08/19/2015
sh,338,1,08/19/2015
sh,339,1,08/19/2015
sh,340,1,08/19/2015
sh,341,1,08/19/2015
sh,342,1,08/19/2015
sh,343,1,08/19/2015
sh,344,1,08/19/2015
sh,345,1,08/19/2015
sh,346,1,08/19/2015
sh,347,1,08/19/2015
sh,348,1,08/19/2015
sh,349,1,08/19/2015
sh,350,1,08/19/2015
sh,351,1,08/19/2015
sh,352,1,08/19/2015
sh,353,1,08/19/2015
sh,354,1,08/19/2015
sh,355,1,08/19/2015
sh,356,1,08/19/2015
sh,357,1,08/19/2015
sh,358,1,08/19/2015
sh,359,1,08/19/2015
sh,360,1,08/19/2015
sh,361,1,08/19/2015
sh,362,1,08/19/2015
sh,363,1,08/19/2015
sh,364,1,08/19/2015
sh,365,1,08/19/2015
sh,366,1,08/19/2015
sh,367,1,08/19/2015
sh,368,1,08/19/2015
sh,369,1,08/19/2015
sh,370,1,08/19/2015
sh,371,1,08/19/2015
sh,372,1,08/19/2015
sh,373,1,08/19/2015
sh,374,1,08/19/2015
sh,375,1,08/19/2015
sh,376,1,08/19/2015
sh,377,1,08/19/2015
sh,378,1,08/19/2015
sh,379,1,08/19/2015
sh,380,1,08/19/2015
sh,381,1,08/19/2015
sh,382,1,08/19/2015
sh,383,1,08/19/2015
sh,384,1,08/19/2015
sh,385,1,08/19/2015
sh,386,1,08/19/2015
sh,387,1,08/19/2015
sh,388,1,08/19/2015
sh,389,1,08/19/2015
sh,390,1,08/19/2015
sh,391,1,08/19/2015
sh,392,1,08/19/2015
sh,393,1,08/19/2015
sh,394,1,08/19/2015
sh,395,1,08/19/2015
sh,396,1,08/19/2015
sh,397,1,08/19/2015
sh,398,1,08/19/2015
